,Instance,n_N,n_B,k,wL,Lazy,A4,Init,Gap,Runtime,NodeCount,ObjVal,Runtime_h,Runtime_h2,Gap_h,Gap_h2
0,0,10,100,1,50,False,True,True,0.0067730691693951295,4.791690111160278,441.0,891.6452470369491,0.029869794845581,0.913701057434082,7.975484523442688,5.142872852569056
1,0,10,10,1,50,False,False,True,0.009016089258307231,2.039215087890625,1.0,589.6800939143546,0.0089600086212158,0.2768909931182861,46.520632435953296,41.305808370786465
2,0,10,20,1,50,False,False,True,0.009682933615582928,646.0139219760895,469551.0,617.900579016354,0.011470079421997,2.458838939666748,34.98862978366562,32.878299887751474
3,0,10,50,1,50,False,False,True,0.01247233902736,3600.0,872561.0,698.8092822275777,0.0193629264831542,171.6040370464325,26.45870345695814,0.0
4,0,10,100,1,50,False,True,True,0.0067730691693951295,5.297929048538208,441.0,891.6452470369491,0.0355520248413085,0.90386700630188,7.975484523442688,5.142872852569056
5,0,10,10,1,50,False,False,True,0.009016089258307231,2.0249509811401367,1.0,589.6800939143546,0.0074989795684814,0.3444938659667969,36.38261993386958,34.280925471282806
6,0,10,20,1,50,False,False,True,0.004479228700920712,13.123608112335203,2215.0,597.5181788681928,0.0122342109680175,11.482576847076416,39.00713057972519,21.624825021495393
7,0,10,50,1,50,False,False,True,0.02836836520849,3600.0,657870.0,668.9848465214009,0.0213191509246826,148.33878421783447,27.806759614507424,8.427596300248927
8,0,10,100,20%,50,False,True,True,7.399536030694294e-05,9.92572021484375,2161.0,781.530992458011,0.4663732051849365,1.2047679424285889,6.543847658194295,3.006571117018318
9,0,10,10,20%,50,False,False,True,4.23346387569526e-05,11.336930990219116,3293.0,443.771599134181,0.0038888454437255,0.8384931087493896,57.255029460501746,38.49348171411442
10,0,10,20,20%,50,False,False,True,0.005685128459545224,59.03077697753906,5013.0,457.1289574399266,0.0360400676727294,43.65336298942566,44.955551635420974,3.086508010432377
11,0,10,50,20%,50,False,False,True,0.009854634931707532,227.7546088695526,39488.0,481.82686876865887,0.072732925415039,79.89700984954834,42.73121145257864,9.59497435632899
12,0,20,100,1,50,False,True,True,0.0028838040046015472,59.11484408378601,4943.0,2390.447799686801,0.1511671543121338,2.428140163421631,3.5889130705793146,2.1673711580315396
13,0,20,10,1,50,False,False,True,0.09001438667291001,3600.0,1231522.0,1317.1713549891824,0.041853904724121,144.69464993476868,37.35344979490058,0.0
14,0,20,20,1,50,False,False,True,0.005767046981776694,580.845694065094,55939.0,1464.273409693306,0.0495970249176025,42.90096092224121,28.011939153049397,4.4482452674810515
15,0,20,50,1,50,False,False,True,0.32114314833653,3600.0,129760.0,1560.1046643538516,0.1607608795166015,,19.160767581467223,19.160767581467223
16,0,20,100,10%,50,False,True,True,7.284750102702912e-06,217.78565502166748,2336.0,1766.86141466765,1.504438877105713,2.6100690364837646,4.878863502729132,2.988503416179808
17,0,20,10,10%,50,False,False,True,8.994939154022373e-05,172.1576910018921,29279.0,927.9298420713284,0.2235081195831298,9.982728958129885,49.015894631816764,47.989514413035685
18,0,20,20,10%,50,False,False,True,0.0017056730055573907,574.0344078540802,42531.0,969.4633588214838,0.6699521541595459,,39.25229920692879,39.25229920692879
19,0,20,50,10%,50,False,False,True,,3600.0,,1593.8582634886525,0.4517810344696045,,0.0,0.0
20,0,20,100,25%,50,False,True,True,0.0,95.25135898590088,4868.0,1369.0492971736876,7.741468906402588,3.07161808013916,4.842840610304371,2.0101461889247667
21,0,20,10,25%,50,False,False,True,0.0026939670168105887,252.6180899143219,37359.0,722.530448197415,0.0144999027252197,8.90259599685669,54.91810581862748,53.626874848710514
22,0,20,20,25%,50,False,False,True,0.006591082331438272,1173.0937850475311,174034.0,723.2778268322746,0.2115020751953125,,49.72551330190094,49.72551330190094
23,0,20,50,25%,50,False,False,True,0.00866326419071376,3426.582320213318,200888.0,774.2418655555542,2.9111649990081787,41.19806718826294,50.402824409031865,48.77318411237009
24,0,30,100,1,50,False,True,True,0.0,201.1035599708557,8158.0,3582.7771749712383,0.3669250011444092,6.996104001998901,1.5569829440474339,1.5569829440474339
25,0,30,10,1,50,False,False,True,0.0002969033755906288,439.2845649719238,31428.0,1962.605746982308,0.2593040466308594,,29.71546755275691,29.71546755275691
26,0,30,20,1,50,False,False,True,0.009850739258957335,1803.746747970581,65915.0,2054.816129383204,0.2434830665588379,138.94390606880188,27.16084581515538,16.22127504019824
27,0,30,50,1,50,False,False,True,,3600.0,,2740.5253666538392,0.4205169677734375,,0.0,0.0
28,0,30,100,10%,50,False,True,True,2.140028883980791e-05,546.5283770561218,19907.0,2502.346790083151,100.00492811203004,4.720753908157349,2.861953385953724,2.2250741000912364
29,0,30,10,10%,50,False,False,True,0.002640742813737674,548.746190071106,24809.0,1408.2530996750531,1.0473010540008545,,45.696943662053584,45.696943662053584
30,0,30,20,10%,50,False,False,True,0.00011434453826261988,2228.78089094162,94037.0,1410.4251755299993,7.9401280879974365,,38.63064739064035,38.63064739064035
31,0,30,50,10%,50,False,False,True,,3600.0,,2286.8943977277254,5.337747097015381,,0.0,0.0
32,0,30,100,23%,50,False,True,True,1.2836150079817713e-05,561.4047667980194,29625.0,2072.204459003522,14.110018014907835,4.665103912353516,0.9920589038039617,0.11133460653857054
33,0,30,10,23%,50,False,False,True,0.001337558480301934,514.3891341686249,75663.0,1105.1224682053148,0.0374670028686523,,54.14913120877757,54.14913120877757
34,0,30,20,23%,50,False,False,True,0.009097420987874062,1753.1442449092865,67552.0,1162.529715994891,0.6210660934448242,,46.19821527334784,46.19821527334784
35,0,30,50,23%,50,False,False,True,1.9445800199983598,3600.0,64787.0,1274.4149312740103,5.45079493522644,,37.56070025649795,37.56070025649795
36,0,50,100,1,50,False,True,True,0.00420165334632202,399.1850578784943,2753.0,6098.245221649683,2.5561139583587646,35.905637979507446,0.5631855401940093,0.5309188879967538
37,0,50,10,1,50,False,False,True,,3600.0,,4737.789401797598,1.6647779941558838,,0.0,0.0
38,0,50,20,1,50,False,False,True,,3600.0,,4650.361670938675,1.0944581031799316,,0.0,0.0
39,0,50,50,1,50,False,False,True,,3600.0,,5102.243825355885,1.4365220069885254,,0.0,0.0
40,0,50,100,10%,50,False,True,True,12.99108660794934,3600.0,47609.0,3823.2402758261046,100.0071930885315,15.096370935440063,5.948511085806449,5.346120630177417
41,0,50,10,10%,50,False,False,True,,3600.0,,3753.99563390188,10.50967001914978,,0.0,0.0
42,0,50,20,10%,50,False,False,True,,3600.0,,3613.330433422185,100.00816106796265,,0.0,0.0
43,0,50,50,10%,50,False,False,True,,3600.0,,3534.552515363229,100.01248908042908,,0.0,0.0
44,0,50,100,24%,50,False,True,True,1.9584641193666998,3600.0,67047.0,3143.005149577414,100.009526014328,14.873502016067505,1.8980756166955008,1.026628938614335
45,0,50,10,24%,50,False,False,True,0.03506071501815,3600.0,143935.0,1637.1199805704475,0.1332089900970459,,55.1679858181908,55.1679858181908
46,0,50,20,24%,50,False,False,True,,3600.0,,3228.434481255519,4.428117036819458,,0.0,0.0
47,0,50,50,24%,50,False,False,True,,3600.0,,3149.05350952365,16.961132049560547,,0.0,0.0
48,0,80,100,1,50,False,True,True,0.69775413722915,3600.0,73110.0,11943.78125958964,4.95805287361145,33.829692125320435,3.372765431834547,3.249752342377814
49,0,80,10,1,50,False,False,True,,3600.0,,7553.58469389386,11.694981813430786,,0.0,0.0
50,0,80,20,1,50,False,False,True,,3600.0,,7824.235661795536,3.4042389392852783,,0.0,0.0
51,0,80,50,1,50,False,False,True,,3600.0,,8218.818308481324,5.595608949661255,,0.0,0.0
52,0,80,100,10%,50,False,True,True,35.17144803718833,3600.0,5816.0,6393.064213209096,100.01999616622923,,0.0,0.0
53,0,80,10,10%,50,False,False,True,,3600.0,,5485.784823529925,10.187628030776978,,0.0,0.0
54,0,80,20,10%,50,False,False,True,,3600.0,,5226.001555125761,100.02739715576172,,0.0,0.0
55,0,80,50,10%,50,False,False,True,,3600.0,,5251.860079200993,100.05936193466188,,0.0,0.0
56,0,80,100,25%,50,False,True,True,3.24631103909259,3600.0,43577.0,4831.27627590398,100.01874494552612,26.843537092208862,1.5614916914305912,1.1297445680265212
57,0,80,10,25%,50,False,False,True,,3600.0,,5405.433997511398,0.4088859558105469,,0.0,0.0
58,0,80,20,25%,50,False,False,True,,3600.0,,5059.068386729119,21.98248696327209,,0.0,0.0
59,0,80,50,25%,50,False,False,True,,3600.0,,4798.06870582189,50.60187816619873,,0.0,0.0
60,1,10,100,1,50,False,True,True,0.0005817948198650049,5.086127042770386,792.0,985.2713517468338,0.0298399925231933,1.0082859992980957,5.039360261343003,3.0280129231099053
61,1,10,10,1,50,False,False,True,0.00015063994875797184,2.8767380714416504,1128.0,595.2971593590428,0.0077948570251464,0.3630409240722656,37.554505923131934,36.17027115137238
62,1,10,20,1,50,False,False,True,0.006043913258540262,9.903398036956789,2066.0,644.7140015117412,0.0114870071411132,2.67603087425232,33.33425933601615,31.736991794323448
63,1,10,50,1,50,False,False,True,0.002884984476753228,50.57871508598328,4094.0,725.3089044786667,0.0263919830322265,26.53514194488525,26.858920934838242,26.858920934838242
64,1,10,100,1,50,False,True,True,0.0005817948198650049,5.098155975341797,792.0,985.2713517468338,0.0351068973541259,1.0092380046844482,5.039360261343003,3.0280129231099053
65,1,10,10,1,50,False,False,True,0.0007884030742026633,1.4455859661102295,1.0,673.6314629557498,0.0065441131591796,0.3036000728607178,24.931766935577095,23.08692405213876
66,1,10,20,1,50,False,False,True,0.0011507764623489025,33.58878707885742,7218.0,680.2008396517462,0.0105030536651611,0.6467440128326416,24.62875820839397,22.420936946731043
67,1,10,50,1,50,False,False,True,0.003526630500906031,34.495919942855835,819.0,650.931463279156,0.0174999237060546,46.70440888404846,29.72957870257216,11.57209690359463
68,1,10,100,20%,50,False,True,True,0.0,27.768584966659542,989.0,811.0424709876645,0.3414299488067627,1.1833128929138184,3.0006143543330244,0.9052300742305215
69,1,10,10,20%,50,False,False,True,0.00015511765965953655,8.053853034973145,2011.0,468.96569188471096,0.0155620574951171,0.7594959735870361,49.334446086734545,43.60987877403821
70,1,10,20,20%,50,False,False,True,0.004129908591865416,33.770087003707886,9160.0,478.5365407756954,0.0185980796813964,25.16620182991028,45.36010748453214,0.0
71,1,10,50,20%,50,False,False,True,0.0004873637427908711,49.17943811416626,13853.0,503.6834446344777,0.0275630950927734,4.455165147781372,38.30328434640099,36.622419558723465
72,1,20,100,1,50,False,True,True,7.123003825907647e-06,46.15973901748657,5305.0,1960.748399421175,0.1530900001525879,3.0275988578796387,7.525618950880981,6.655319171858839
73,1,20,10,1,50,False,False,True,0.00028546035646556206,59.955291986465454,5829.0,1142.368208506678,0.0423698425292968,36.36659288406372,43.16062103947094,0.0
74,1,20,20,1,50,False,False,True,0.0006488354552101883,456.1565918922424,78008.0,1186.0762407873708,0.0536360740661621,,31.93090350144393,31.93090350144393
75,1,20,50,1,50,False,False,True,0.01122101878071,3600.0,171058.0,1480.7249666599505,0.0945460796356201,,15.074489642599637,15.074489642599637
76,1,20,100,10%,50,False,True,True,0.00022144614271405816,165.48865413665771,4811.0,1675.1545518702944,2.6849849224090576,2.9172608852386475,4.352337757622506,3.174757503726711
77,1,20,10,10%,50,False,False,True,0.001529089180626093,104.55118989944458,4315.0,927.158728180369,0.2149610519409179,47.29947018623352,42.42802043317718,10.951804071438836
78,1,20,20,10%,50,False,False,True,0.005366827847817286,255.5192530155182,19924.0,925.418982032157,0.9582390785217284,268.45901012420654,43.873324165382776,0.0
79,1,20,50,10%,50,False,False,True,0.009505133543291846,1721.449471950531,86356.0,1131.9478601289356,1.8136849403381348,,27.819749911942242,27.819749911942242
80,1,20,100,25%,50,False,True,True,0.00033517013383874383,167.20569586753845,2705.0,1321.0777776975387,4.484057903289795,2.550823926925659,4.234070621787848,2.0425090715291
81,1,20,10,25%,50,False,False,True,0.0003864074491094907,132.8136808872223,12126.0,688.556008717971,0.0119268894195556,30.765403032302856,55.046639948113324,9.49246997537337
82,1,20,20,25%,50,False,False,True,0.009710243009867852,662.5687139034271,68919.0,718.0182697670939,0.0235869884490966,300.0312688350677,51.120710312072454,0.0
83,1,20,50,25%,50,False,False,True,,3600.0,,1481.8561107388778,0.3926420211791992,,0.0,0.0
84,1,30,100,1,50,False,True,True,0.0,202.7344949245453,13251.0,3363.653834352984,0.4559998512268066,7.1984639167785645,3.2160944664399613,2.857784070709932
85,1,30,10,1,50,False,False,True,0.002143376223089503,1143.5564591884613,57555.0,1953.3108844136327,0.1504480838775634,30.453404188156128,29.58318262381876,29.58318262381876
86,1,30,20,1,50,False,False,True,0.0101466706072,3600.0,206405.0,2236.283567786325,0.3386349678039551,,16.883148969776475,16.883148969776475
87,1,30,50,1,50,False,False,True,,3600.0,,2804.968272361675,0.4121260643005371,,0.0,0.0
88,1,30,100,10%,50,False,True,True,0.00421173914248104,870.746771812439,16679.0,2453.5862662859445,100.00633192062378,6.288915157318115,1.5592026305748357,0.9945376410993668
89,1,30,10,10%,50,False,False,True,0.007009067275319925,589.0972819328308,54922.0,1450.1770036773446,0.350783109664917,,40.3210093677037,40.3210093677037
90,1,30,20,10%,50,False,False,True,0.007162969590434583,2089.5806460380554,44846.0,1455.1148075921317,7.6429970264434814,,35.81778715126381,35.81778715126381
91,1,30,50,10%,50,False,False,True,,3600.0,,2329.7311779806805,35.76710391044617,,0.0,0.0
92,1,30,100,23%,50,False,True,True,0.0018891739474279426,1740.6427240371704,69582.0,2019.7035898975173,45.48744320869446,15.002498865127563,3.055540141314221,3.055540141314221
93,1,30,10,23%,50,False,False,True,0.0005216150020512655,509.8440380096436,59765.0,1095.5466344892577,0.0359549522399902,159.511559009552,52.526634530726454,15.713181669137308
94,1,30,20,23%,50,False,False,True,0.0036614354740360554,2574.9036099910736,75287.0,1181.5438936122982,0.6052169799804688,,44.72352226540991,44.72352226540991
95,1,30,50,23%,50,False,False,True,,3600.0,,2023.429873146406,3.6827688217163086,,0.0,0.0
96,1,50,100,1,50,False,True,True,0.009978216993879532,497.8192000389099,23034.0,6170.330963655304,2.5476388931274414,25.46311593055725,1.5353363222490655,1.5181953406189337
97,1,50,10,1,50,False,False,True,,3600.0,,4507.209738873722,0.8332090377807617,,0.0,0.0
98,1,50,20,1,50,False,False,True,,3600.0,,4484.65333825365,1.2826831340789795,,0.0,0.0
99,1,50,50,1,50,False,False,True,,3600.0,,4567.393391751915,1.75103497505188,,0.0,0.0
100,1,50,100,10%,50,False,True,True,9.50786972893426,3600.0,33979.0,3724.4650536344966,100.0172770023346,9.629971027374268,2.4787125810624224,2.1544237720191353
101,1,50,10,10%,50,False,False,True,,3600.0,,3612.814212168585,2.9791951179504395,,0.0,0.0
102,1,50,20,10%,50,False,False,True,,3600.0,,3465.3476118117687,100.00913214683531,,0.0,0.0
103,1,50,50,10%,50,False,False,True,,3600.0,,3405.1861505912607,100.01084995269775,,0.0,0.0
104,1,50,100,24%,50,False,True,True,1.10007849366039,3600.0,85120.0,3135.856844542732,100.00854301452635,9.636667966842651,0.9702100739843698,0.5304776970898897
105,1,50,10,24%,50,False,False,True,0.00013210563115680684,2907.716094970703,155942.0,1669.3250204553992,0.0870888233184814,,54.10632006973557,54.10632006973557
106,1,50,20,24%,50,False,False,True,,3600.0,,3262.1964556432285,6.61904501914978,,0.0,0.0
107,1,50,50,24%,50,False,False,True,,3600.0,,3178.837453471105,43.49764394760132,,0.0,0.0
108,1,80,100,1,50,False,True,True,0.16305385867789,3600.0,118878.0,10465.219460145938,5.161176919937134,68.74743890762329,4.454749679108411,4.434829424991069
109,1,80,10,1,50,False,False,True,,3600.0,,7316.314936582229,12.263077020645142,,0.0,0.0
110,1,80,20,1,50,False,False,True,,3600.0,,7162.016039711039,4.587341070175171,,0.0,0.0
111,1,80,50,1,50,False,False,True,,3600.0,,7466.944722304866,11.460789918899536,,0.0,0.0
112,1,80,100,10%,50,False,True,True,15.290137924847391,3600.0,7470.0,6008.974125927913,100.0235447883606,36.61701488494873,1.6787550174648782,1.3277040528028847
113,1,80,10,10%,50,False,False,True,,3600.0,,5477.842306513203,100.0129780769348,,0.0,0.0
114,1,80,20,10%,50,False,False,True,,3600.0,,5289.221378030084,100.0211250782013,,0.0,0.0
115,1,80,50,10%,50,False,False,True,,3600.0,,5203.440545994332,100.02803802490234,,0.0,0.0
116,1,80,100,25%,50,False,True,True,1.46712620208836,3600.0,41706.0,4806.690123844177,100.02000212669373,32.71887993812561,0.9818367293656404,0.498623731682511
117,1,80,10,25%,50,False,False,True,,3600.0,,5415.365704076365,0.4321298599243164,,0.0,0.0
118,1,80,20,25%,50,False,False,True,,3600.0,,5044.908758820973,8.237184047698975,,0.0,0.0
119,1,80,50,25%,50,False,False,True,,3600.0,,4889.429919826366,51.01026487350464,,0.0,0.0
120,2,10,100,1,50,False,True,True,0.0018806520259213161,2.5050320625305176,135.0,1019.3233194631435,0.0241098403930664,0.4825479984283447,3.0478620999322925,1.9436035638776674
121,2,10,10,1,50,False,False,True,0.0011135877700703448,1.584192991256714,1.0,715.324487261641,0.0044281482696533,0.1537199020385742,47.72997877023915,46.529340865866764
122,2,10,20,1,50,False,False,True,0.003836981315692728,7.623975038528442,442.0,743.2611665111701,0.0091049671173095,0.3369679450988769,35.065734764735744,34.399985394663915
123,2,10,50,1,50,False,False,True,0.008838018458936857,69.41027188301086,9655.0,772.2847094792677,0.0191800594329834,17.843780994415283,32.477414308817295,11.818848203360172
124,2,10,100,1,50,False,True,True,0.0018806520259213161,2.53176498413086,135.0,1019.3233194631435,0.0239698886871337,0.4765570163726806,3.0478620999322925,1.9436035638776674
125,2,10,10,1,50,False,False,True,0.00022589712245198442,3.21778416633606,439.0,716.5307428084253,0.0034561157226562,0.2195310592651367,38.96254053350018,37.95401800568283
126,2,10,20,1,50,False,False,True,0.007776729888634551,11.391934871673584,422.0,826.3035408635242,0.0074810981750488,6.28738808631897,20.376880335383103,1.2067638771092712
127,2,10,50,1,50,False,False,True,0.007585381350689727,72.05685186386108,11454.0,768.7264624200043,0.0167958736419677,0.92132306098938,29.07672775088413,28.274352684690164
128,2,10,100,20%,50,False,True,True,4.3645885351845486e-05,20.781157970428467,667.0,834.9237941448303,0.1810119152069091,0.4577078819274902,1.5444378698499643,0.019159797601057727
129,2,10,10,20%,50,False,False,True,0.0013439969005774354,10.40157699584961,1845.0,497.0831889415258,0.0027539730072021,2.078916072845459,55.930122010790924,5.094868656599766
130,2,10,20,20%,50,False,False,True,0.003594713607304478,14.98552393913269,3026.0,508.9263184175976,0.0119569301605224,3.6833651065826416,49.909696230671216,12.785242181220523
131,2,10,50,20%,50,False,False,True,0.002244639214437811,43.97839093208313,6039.0,618.8663951883966,0.0393030643463134,0.7332749366760254,30.76296761077258,29.63103970663474
132,2,20,100,1,50,False,True,True,3.3130061242947375e-06,19.35326099395752,1878.0,1922.227382836232,0.150191068649292,2.587477922439575,4.830487422236059,3.7622161817217177
133,2,20,10,1,50,False,False,True,0.008241415289350688,30.73022413253784,1207.0,1173.4422176503272,0.0365629196166992,24.341563940048218,34.26592069132949,16.37785656144821
134,2,20,20,1,50,False,False,True,0.0040501833815944945,533.5153398513794,23579.0,1333.0160099146103,0.0642240047454834,,24.433482107439804,24.433482107439804
135,2,20,50,1,50,False,False,True,2.00150101134727,3600.0,231995.0,1620.7217930146728,0.091325044631958,,6.383809770737865,6.383809770737865
136,2,20,100,10%,50,False,True,True,8.14604085543329e-06,137.06648898124695,2619.0,1625.930319156925,6.6203320026397705,2.778900146484375,6.835886663835809,5.689165626869826
137,2,20,10,10%,50,False,False,True,0.00373860540522584,179.0314440727234,35641.0,1020.3184020267452,0.1212069988250732,7.276463031768799,36.76721044907941,35.41811501358175
138,2,20,20,10%,50,False,False,True,0.00010037900672309433,537.0283439159393,38112.0,1023.1220744973076,0.434607982635498,,37.46959268627594,37.46959268627594
139,2,20,50,10%,50,False,False,True,0.06280458363017,3600.0,164689.0,1131.659639700576,1.7765250205993652,,28.874395218974787,28.874395218974787
140,2,20,100,25%,50,False,True,True,0.0008324977302527041,61.14186096191406,3359.0,1366.5550906937694,2.985474109649658,2.661854982376098,3.964621805117197,1.8863196322005336
141,2,20,10,25%,50,False,False,True,0.005852090973400125,145.01805305480957,10683.0,739.9952811220612,0.0116169452667236,184.5772430896759,54.649296031008404,0.07562507890574924
142,2,20,20,25%,50,False,False,True,0.0003561982353935298,361.04170083999634,59616.0,759.1211832189992,0.0893740653991699,229.75242710113525,48.24872578035786,0.0
143,2,20,50,25%,50,False,False,True,,3600.0,,1410.7634046725311,0.5096709728240967,,0.0,0.0
144,2,30,100,1,50,False,True,True,0.001194506632732756,107.96495699882507,7994.0,3561.977110630459,0.3310739994049072,4.420498847961426,1.7459200819367007,1.1580197596630168
145,2,30,10,1,50,False,False,True,0.0003413131045423732,292.0078411102295,21250.0,1900.694515910421,0.1465790271759033,39.79111099243164,32.90863300357966,24.13685316785326
146,2,30,20,1,50,False,False,True,0.47220113011938,3600.0,150193.0,2385.811822942679,0.1930549144744873,70.61733388900757,17.060173237336418,16.380656165990672
147,2,30,50,1,50,False,False,True,,3600.0,,2821.7482162615943,0.3378159999847412,,0.0,0.0
148,2,30,100,10%,50,False,True,True,1.701748880537442e-06,1207.470288991928,34389.0,2505.601296952417,59.67307686805725,4.419790029525757,3.7803456925494667,2.7990700548745577
149,2,30,10,10%,50,False,False,True,0.0023236945131827366,888.4997291564941,61585.0,1378.7191327358614,0.1404700279235839,259.4823451042176,41.22903531998336,15.172454343859306
150,2,30,20,10%,50,False,False,True,,3600.0,,2337.909507996028,9.885679960250854,,0.0,0.0
151,2,30,50,10%,50,False,False,True,,3600.0,,2325.9764098981086,19.21758985519409,,0.0,0.0
152,2,30,100,23%,50,False,True,True,7.304616426033542e-06,470.8997099399567,26591.0,2016.721733473814,45.33117485046387,4.243291854858398,2.418474343749224,1.1025290904951905
153,2,30,10,23%,50,False,False,True,0.0055914986505413294,334.29379296302795,28423.0,1075.470420980858,0.0317001342773437,,52.5733989954101,52.5733989954101
154,2,30,20,23%,50,False,False,True,0.008208925603573903,1385.589898109436,49979.0,1138.8453727193644,0.531684160232544,,48.267522152420014,48.267522152420014
155,2,30,50,23%,50,False,False,True,2.2919755010958798,3600.0,66529.0,1286.8292182969235,3.1378660202026367,,39.380075775596616,39.380075775596616
156,2,50,100,1,50,False,True,True,0.009962416055660997,914.668480873108,77164.0,6040.355700225849,2.5733439922332764,30.364481925964355,2.0765395273869065,2.0730300692490298
157,2,50,10,1,50,False,False,True,,3600.0,,4857.522623107125,2.541063070297241,,0.0,0.0
158,2,50,20,1,50,False,False,True,,3600.0,,4722.483715397828,2.0645639896392822,,0.0,0.0
159,2,50,50,1,50,False,False,True,,3600.0,,4739.514370802386,2.6373910903930664,,0.0,0.0
160,2,50,100,10%,50,False,True,True,12.524194093441121,3600.0,42731.0,3864.8152997080497,100.01743292808531,11.408294916152954,6.462928534764238,5.997786830127338
161,2,50,10,10%,50,False,False,True,,3600.0,,3749.100673952109,1.3009579181671145,,0.0,0.0
162,2,50,20,10%,50,False,False,True,,3600.0,,3474.3828382359907,100.00741696357728,,0.0,0.0
163,2,50,50,10%,50,False,False,True,,3600.0,,3518.5791623781965,100.01258683204652,,0.0,0.0
164,2,50,100,24%,50,False,True,True,0.9882136058747301,3600.0,94316.0,3121.259285283468,100.00909185409546,12.038100004196169,1.191647526798298,0.5106775225822741
165,2,50,10,24%,50,False,False,True,0.30773374697161,3600.0,126004.0,1658.3899253122052,0.1430819034576416,,52.65330688793306,52.65330688793306
166,2,50,20,24%,50,False,False,True,,3600.0,,3342.7539380940125,2.650632858276367,,0.0,0.0
167,2,50,50,24%,50,False,False,True,,3600.0,,3208.990710780305,100.01277899742126,,0.0,0.0
168,2,80,100,1,50,False,True,True,0.02717706993281,3600.0,90815.0,11317.041184314068,5.900953054428101,93.04942893981934,0.3807211328943769,0.37534581457763966
169,2,80,10,1,50,False,False,True,,3600.0,,7462.335810076787,12.570621013641356,,0.0,0.0
170,2,80,20,1,50,False,False,True,,3600.0,,7700.369935944427,4.493988990783691,,0.0,0.0
171,2,80,50,1,50,False,False,True,,3600.0,,7730.838775722519,11.962862014770508,,0.0,0.0
172,2,80,100,10%,50,False,True,True,29.764277333805722,3600.0,11844.0,6192.02900860179,100.03150582313538,,0.0,0.0
173,2,80,10,10%,50,False,False,True,,3600.0,,5555.779477730854,100.01515698432922,,0.0,0.0
174,2,80,20,10%,50,False,False,True,,3600.0,,5329.59603797933,100.04570317268372,,0.0,0.0
175,2,80,50,10%,50,False,False,True,,3600.0,,5246.253494650665,100.04933500289916,,0.0,0.0
176,2,80,100,25%,50,False,True,True,3.7669104230016903,3600.0,19256.0,4911.521511624005,100.02116894721983,36.080891132354736,0.5322964152094851,0.04406405248450309
177,2,80,10,25%,50,False,False,True,,3600.0,,5391.439017285573,0.4286980628967285,,0.0,0.0
178,2,80,20,25%,50,False,False,True,,3600.0,,5178.106943053778,7.194835901260376,,0.0,0.0
179,2,80,50,25%,50,False,False,True,,3600.0,,4897.451741389079,90.65180397033691,,0.0,0.0
180,3,10,100,1,50,False,True,True,7.759818871174968e-05,5.400095939636231,616.0,853.0479002210309,0.0338528156280517,0.9140491485595704,7.715262450099186,4.7221759790868365
181,3,10,10,1,50,False,False,True,0.0009712472363287215,4.27464485168457,1502.0,548.0398141634439,0.0036690235137939,1.1181979179382324,49.46437574953939,17.107385510494932
182,3,10,20,1,50,False,False,True,0.004280515480637209,13.70719599723816,405.0,575.5987434349292,0.009019136428833,13.302726984024048,34.88271537853836,0.0
183,3,10,50,1,50,False,False,True,0.0023275543036406867,125.21548008918762,6800.0,639.0141159305022,0.0143477916717529,139.44426083564758,27.62683482527163,14.03619322736821
184,3,10,100,1,50,False,True,True,7.759818871174968e-05,5.355230093002319,616.0,853.0479002210309,0.0278539657592773,0.9129300117492676,7.715262450099186,4.7221759790868365
185,3,10,10,1,50,False,False,True,0.004008893058746984,2.5281550884246826,1303.0,548.057638472059,0.0043411254882812,1.2335801124572754,46.85056675035994,1.629087355454479
186,3,10,20,1,50,False,False,True,0.0018354468926803401,14.46173882484436,2064.0,548.9941763444174,0.0096831321716308,25.2241439819336,38.66199538885208,17.34884452866611
187,3,10,50,1,50,False,False,True,0.00042425368957394176,77.43211889266968,9172.0,641.309940239752,0.0168030261993408,115.8204469680786,27.224799566888287,0.0
188,3,10,100,20%,50,False,True,True,0.0,9.486800909042358,373.0,731.286512984361,0.1319491863250732,1.4528629779815674,6.572244840482283,2.1287682406720396
189,3,10,10,20%,50,False,False,True,0.009536938097853031,3.859850168228149,840.0,424.833732638306,0.0032830238342285,0.4565739631652832,57.715256425628425,56.34323025387258
190,3,10,20,20%,50,False,False,True,0.002918099383395403,14.034734010696411,2025.0,444.4992792081922,0.0300731658935546,1.583636999130249,47.80116403808532,45.214992917117904
191,3,10,50,20%,50,False,False,True,0.00864122647765024,133.123370885849,18444.0,495.93021407573,0.0320580005645751,5.303360939025879,35.713965909758905,32.363635133031856
192,3,20,100,1,50,False,True,True,3.0683011398897055e-06,46.045037031173706,2146.0,2164.4897427780447,0.1681280136108398,7.337322950363159,7.604359058094547,7.604359058094547
193,3,20,10,1,50,False,False,True,0.004641067611254727,66.34480094909668,2101.0,1377.1812957010527,0.0339879989624023,71.03387808799744,37.056910632163486,0.0
194,3,20,20,1,50,False,False,True,0.006795134668761864,1670.1154599189758,106151.0,1665.5146816335764,0.0655620098114013,,18.474973226065313,18.474973226065313
195,3,20,50,1,50,False,False,True,0.008463103181133708,2539.8184168338776,130629.0,1562.9886735347586,0.1441900730133056,,21.37192055771146,21.37192055771146
196,3,20,100,10%,50,False,True,True,0.0,133.27312684059143,2069.0,1685.6841443857802,1.674880027770996,2.5260610580444336,7.473104157527927,6.258649626358532
197,3,20,10,10%,50,False,False,True,0.0015242730910743235,159.39334392547607,18482.0,1067.179390073258,0.3193609714508056,22.17490005493164,38.29320020136015,32.14254610479788
198,3,20,20,10%,50,False,False,True,0.009972663503593583,3031.13777589798,315219.0,1190.730450955681,0.3064959049224853,,31.99913288205656,31.99913288205656
199,3,20,50,10%,50,False,False,True,0.27157035531017004,3600.0,175016.0,1275.5772384420047,1.81810998916626,,26.85343409367047,26.85343409367047
200,3,20,100,25%,50,False,True,True,0.0025679213293349594,85.380930185318,2250.0,1361.050915980581,3.8159310817718506,2.8790388107299805,2.1716927837388544,0.010239608061513134
201,3,20,10,25%,50,False,False,True,0.00029114257220064276,69.65865898132324,2076.0,747.6251650091285,0.0148429870605468,7.83548903465271,65.57818319300492,13.120994805853543
202,3,20,20,25%,50,False,False,True,4.392499523294206e-06,377.214143037796,34499.0,749.6176491317565,0.2323811054229736,243.51404285430908,52.69017741977659,0.0
203,3,20,50,25%,50,False,False,True,0.0008041923211591762,640.7811560630798,30323.0,805.2672296622488,0.5082190036773682,,44.03815851912983,44.03815851912983
204,3,30,100,1,50,False,True,True,0.001806821574886307,82.20116901397705,1047.0,3618.6828076987217,0.3449311256408691,4.831506013870239,1.0911879856000637,0.7059772692026437
205,3,30,10,1,50,False,False,True,0.006861642751692298,621.7199459075928,83098.0,2096.1941997795475,0.1641550064086914,,29.4571878963769,29.4571878963769
206,3,30,20,1,50,False,False,True,14.57472187031772,3600.0,208363.0,2472.559200652672,0.2585408687591553,,16.077172010032644,16.077172010032644
207,3,30,50,1,50,False,False,True,,3600.0,,3097.285884246623,0.3562221527099609,,0.0,0.0
208,3,30,100,10%,50,False,True,True,0.0012987698337692559,1303.59001994133,33406.0,2515.219646814728,51.45288801193237,36.734007120132446,1.4198083389581966,1.4198083389581966
209,3,30,10,10%,50,False,False,True,0.002590650897679319,623.7231390476227,40537.0,1411.728716943451,0.1485319137573242,85.61315703392029,47.950036208146535,23.114783274684218
210,3,30,20,10%,50,False,False,True,6.19421808375357,3600.0,53840.0,1617.2360402578536,8.31657600402832,230.37126803398127,34.648110711683216,12.330752877274866
211,3,30,50,10%,50,False,False,True,3.73754110943475,3600.0,60583.0,1688.3511254462878,21.206854104995728,,28.019132651999524,28.019132651999524
212,3,30,100,23%,50,False,True,True,0.0027542226159091585,628.5726289749146,9612.0,1973.22049407908,65.62361788749695,30.80017709732056,2.684380811964755,2.684380811964755
213,3,30,10,23%,50,False,False,True,0.0058991804206249285,120.8387851715088,2086.0,1069.7033322713496,0.0335450172424316,67.91330814361572,53.948758320525464,3.8684106138542487
214,3,30,20,23%,50,False,False,True,0.002274101477515449,966.6173238754272,40693.0,1083.214996691327,0.3460829257965088,,50.12762282491429,50.12762282491429
215,3,30,50,23%,50,False,False,True,8.996047603783174e-05,3284.596779823303,91897.0,1282.7354332585994,3.538646936416626,,35.9120093468221,35.9120093468221
216,3,50,100,1,50,False,True,True,0.1184223214788,3600.0,278650.0,6233.6866056055405,2.5159220695495605,26.05513596534729,5.277831862196606,5.277831862196606
217,3,50,10,1,50,False,False,True,,3600.0,,4639.434147493047,1.4282660484313965,,0.0,0.0
218,3,50,20,1,50,False,False,True,,3600.0,,4678.405765150061,1.918475151062012,,0.0,0.0
219,3,50,50,1,50,False,False,True,,3600.0,,4943.871557634504,1.4403581619262695,,0.0,0.0
220,3,50,100,10%,50,False,True,True,10.464388380042559,3600.0,25978.0,3827.445524491692,100.01137089729308,11.421288967132568,6.15255879587279,5.7260820674294415
221,3,50,10,10%,50,False,False,True,0.030123406448070003,3600.0,66382.0,2146.4575616592074,19.206313133239743,,43.88151897150542,43.88151897150542
222,3,50,20,10%,50,False,False,True,,3600.0,,3535.527592872487,100.0089991092682,,0.0,0.0
223,3,50,50,10%,50,False,False,True,,3600.0,,3623.510003817301,100.0211660861969,,0.0,0.0
224,3,50,100,24%,50,False,True,True,2.57116421897585,3600.0,50475.0,3204.221985267712,100.00834012031557,39.79715895652771,1.056567592308188,1.056567592308188
225,3,50,10,24%,50,False,False,True,,3600.0,,3609.831543627565,0.1220350265502929,,0.0,0.0
226,3,50,20,24%,50,False,False,True,,3600.0,,3389.034227173914,2.9481570720672607,,0.0,0.0
227,3,50,50,24%,50,False,False,True,,3600.0,,3300.488347366344,100.01560521125792,,0.0,0.0
228,3,80,100,1,50,False,True,True,0.0144244358315,3600.0,110807.0,12319.43504819043,6.092329978942871,76.47177910804749,0.9459181373477515,0.9278788349533668
229,3,80,10,1,50,False,False,True,,3600.0,,7313.5838924326,3.1085519790649414,,0.0,0.0
230,3,80,20,1,50,False,False,True,,3600.0,,7400.4688742542685,20.07610297203064,,0.0,0.0
231,3,80,50,1,50,False,False,True,,3600.0,,7704.315930979304,11.762614011764526,,0.0,0.0
232,3,80,100,10%,50,False,True,True,17.6766116016289,3600.0,7182.0,6197.58729871903,100.03140687942503,34.9472770690918,0.8839893177880458,0.639631712276016
233,3,80,10,10%,50,False,False,True,,3600.0,,5704.527400647008,100.01372599601746,,0.0,0.0
234,3,80,20,10%,50,False,False,True,,3600.0,,5379.355885103074,100.04976201057434,,0.0,0.0
235,3,80,50,10%,50,False,False,True,,3600.0,,5338.419478800923,100.17780804634094,,0.0,0.0
236,3,80,100,25%,50,False,True,True,1.9865279224124,3600.0,21514.0,4897.7662870526565,100.02910900115968,29.335429906845093,5.1608360510782045,4.798105049762026
237,3,80,10,25%,50,False,False,True,,3600.0,,5703.4100499504375,0.4063310623168945,,0.0,0.0
238,3,80,20,25%,50,False,False,True,,3600.0,,5079.394503800291,7.684042930603027,,0.0,0.0
239,3,80,50,25%,50,False,False,True,,3600.0,,4958.352563039518,60.85160303115845,,0.0,0.0
240,4,10,100,1,50,False,True,True,0.005632729626906268,2.9397618770599365,59.0,932.2535271155236,0.0321710109710693,0.699984073638916,2.6280106365304383,1.3480131164203663e-07
241,4,10,10,1,50,False,False,True,0.0008548231655663894,2.1313469409942627,1179.0,580.3776859570137,0.0051639080047607,1.382091999053955,40.20377141940256,3.9720835490006605
242,4,10,20,1,50,False,False,True,0.014141960698910001,3600.0,1053590.0,670.8441352222469,0.0122580528259277,2.033298969268799,31.401374952544856,28.2672402556259
243,4,10,50,1,50,False,False,True,0.0008103291307661433,141.64488101005554,22287.0,604.7447170763902,0.0257301330566406,8.248440027236938,32.387658304298434,30.874291159652017
244,4,10,100,1,50,False,True,True,0.005632729626906268,2.939823865890503,59.0,932.2535271155236,0.0340011119842529,0.6968090534210205,2.6280106365304383,1.3480131164203663e-07
245,4,10,10,1,50,False,False,True,0.0019039011543532502,7.256716012954712,1190.0,605.8084135321177,0.0082302093505859,0.7255640029907227,38.633410384027115,37.36477138791716
246,4,10,20,1,50,False,False,True,0.002113654922309461,52.132911920547485,17815.0,661.1828915629617,0.0115571022033691,36.96606588363648,32.063151053367626,0.0
247,4,10,50,1,50,False,False,True,0.00044853614099411165,67.16418886184692,14313.0,631.1170751820355,0.0185329914093017,30.46209502220153,30.00815609775277,0.0
248,4,10,100,20%,50,False,True,True,4.733846413438921e-05,41.9767119884491,744.0,796.0992303895314,0.1975550651550293,0.7572579383850098,5.827944638952079,3.106404616012717
249,4,10,10,20%,50,False,False,True,0.0007407389613612368,14.04574418067932,5896.0,493.0198474486954,0.0124299526214599,0.2602419853210449,53.545904031395345,52.20716181409779
250,4,10,20,20%,50,False,False,True,0.000445138794955484,17.800947904586792,1901.0,493.95824054067737,0.0207641124725341,15.76443600654602,42.98168962245021,4.345581880614393
251,4,10,50,20%,50,False,False,True,0.009285549770860267,115.96905708312988,11769.0,522.7575542848341,0.0271689891815185,4.9958789348602295,39.27687915026772,37.21847709820459
252,4,20,100,1,50,False,True,True,0.0004731184032205447,24.125091075897217,1450.0,2114.8049761229527,0.1747119426727295,3.563767910003662,3.007998271659948,2.0527462178723694
253,4,20,10,1,50,False,False,True,2.7612147450654018e-05,121.0176649093628,6799.0,1425.043296599718,0.0395529270172119,8.732102870941162,29.294891807912865,27.70786088509538
254,4,20,20,1,50,False,False,True,0.0003454260161281369,641.6252248287201,26916.0,1491.1120479763158,0.0646810531616211,,23.94868095976559,23.94868095976559
255,4,20,50,1,50,False,False,True,46.31954375979184,3600.0,73814.0,1991.4924095447736,0.1155929565429687,62.52001118659973,0.0,0.0
256,4,20,100,10%,50,False,True,True,0.002492291554191918,166.4987931251526,3627.0,1717.2087158895697,2.673381805419922,3.761044025421143,6.252836552125535,5.069711343730429
257,4,20,10,10%,50,False,False,True,4.132424928694875e-05,250.8414099216461,34631.0,1107.0586674173337,0.016819953918457,8.142668008804321,46.786885853205895,14.7541104186164
258,4,20,20,10%,50,False,False,True,0.002110270256434475,799.875715970993,34128.0,1161.4140045496326,0.8685221672058105,,34.34526892258325,34.34526892258325
259,4,20,50,10%,50,False,False,True,0.006361882175508506,1743.0418519973755,71284.0,1294.8493199578909,0.7190778255462646,87.52769804000854,24.569273063426724,16.988819196357735
260,4,20,100,25%,50,False,True,True,0.0003073516493752432,212.322893857956,4933.0,1373.331149005841,3.454802989959717,4.103474855422974,4.63115476766083,2.9124113488925993
261,4,20,10,25%,50,False,False,True,0.004500706094571644,154.19716787338257,25766.0,781.9887596878201,0.0934641361236572,72.61940383911133,50.215169008613444,45.506045967656746
262,4,20,20,25%,50,False,False,True,0.001961855687231297,762.5551908016205,55310.0,811.0222950806829,0.1711800098419189,,51.070771075137756,51.070771075137756
263,4,20,50,25%,50,False,False,True,0.009843407127144765,1585.9008281230929,59139.0,925.2096891338166,0.9854791164398192,,34.181528367372024,34.181528367372024
264,4,30,100,1,50,False,True,True,0.0,313.62153911590576,26475.0,3225.082359608257,0.3474578857421875,16.624202966690063,5.1093885895202265,5.027681477032745
265,4,30,10,1,50,False,False,True,0.0005240809846056001,263.4271750450134,12266.0,2039.018741784664,0.2642748355865478,,29.85830016778662,29.85830016778662
266,4,30,20,1,50,False,False,True,,3600.0,,2874.9739469751585,0.2163779735565185,,0.0,0.0
267,4,30,50,1,50,False,False,True,,3600.0,,3027.992421710782,0.3410389423370361,,0.0,0.0
268,4,30,100,10%,50,False,True,True,1.3958119869328526e-05,584.545028924942,21382.0,2350.1234055505374,38.54960513114929,5.05396580696106,5.017895290418268,3.9930671141818226
269,4,30,10,10%,50,False,False,True,0.0033245101641725333,942.9968729019164,72968.0,1367.1938971467084,0.4439201354980469,,40.774263701212774,40.774263701212774
270,4,30,20,10%,50,False,False,True,0.01126787305731,3600.0,125635.0,1369.7802828518843,1.2807700634002686,,38.48063607376068,38.48063607376068
271,4,30,50,10%,50,False,False,True,,3600.0,,2223.244759608116,28.695326805114743,,0.0,0.0
272,4,30,100,23%,50,False,True,True,0.0011042089344632758,2586.17737698555,98558.0,1975.3295139074369,62.865947008132935,5.93624210357666,4.636853999158511,3.4649032850304144
273,4,30,10,23%,50,False,False,True,0.00014150562112927602,742.2608320713043,55454.0,1051.3066950146697,0.030423879623413,,60.10433565080103,60.10433565080103
274,4,30,20,23%,50,False,False,True,0.001460403296274488,2986.2433381080627,112302.0,1061.7654932386697,0.7869961261749268,,46.11792585155717,46.11792585155717
275,4,30,50,23%,50,False,False,True,,3600.0,,1983.254095601353,4.105494976043701,,0.0,0.0
276,4,50,100,1,50,False,True,True,0.00953544214935698,461.66172909736633,9170.0,5803.63757945137,2.521713972091675,15.303781032562256,4.189611002220679,3.967593283748379
277,4,50,10,1,50,False,False,True,,3600.0,,4547.573102000144,0.7050199508666992,,0.0,0.0
278,4,50,20,1,50,False,False,True,,3600.0,,4483.026621424209,1.996016025543213,,0.0,0.0
279,4,50,50,1,50,False,False,True,,3600.0,,4643.975244026684,2.43273401260376,,0.0,0.0
280,4,50,100,10%,50,False,True,True,15.61877828915727,3600.0,37255.0,3910.2623167874062,100.0110399723053,35.94327712059021,4.710445053199363,4.631932075886669
281,4,50,10,10%,50,False,False,True,,3600.0,,3649.156382100019,1.7848658561706543,,0.0,0.0
282,4,50,20,10%,50,False,False,True,,3600.0,,3569.248813580174,100.0123381614685,,0.0,0.0
283,4,50,50,10%,50,False,False,True,,3600.0,,3394.6534702637146,100.0182809829712,,0.0,0.0
284,4,50,100,24%,50,False,True,True,0.0036929226530810003,1545.4840738773346,21631.0,3091.600887931079,100.01041793823242,56.216066122055054,2.088995368409027,1.892361745056703
285,4,50,10,24%,50,False,False,True,,3600.0,,3580.099993414784,0.1253800392150879,,0.0,0.0
286,4,50,20,24%,50,False,False,True,,3600.0,,3370.728422161729,2.1331520080566406,,0.0,0.0
287,4,50,50,24%,50,False,False,True,,3600.0,,3190.944325203988,21.7974910736084,,0.0,0.0
288,4,80,100,1,50,False,True,True,0.02651094403855,3600.0,127008.0,11118.06478372835,5.276950120925903,29.702155828475952,1.220264993617053,1.0603409893637976
289,4,80,10,1,50,False,False,True,,3600.0,,7233.723443184788,3.1118950843811035,,0.0,0.0
290,4,80,20,1,50,False,False,True,,3600.0,,7392.99158383555,9.612112998962402,,0.0,0.0
291,4,80,50,1,50,False,False,True,,3600.0,,7640.3826410243855,11.829418182373049,,0.0,0.0
292,4,80,100,10%,50,False,True,True,19.005456791102297,3600.0,9632.0,6154.761396672452,100.02291297912598,28.869392156600952,0.6590913861401666,0.3297577410091624
293,4,80,10,10%,50,False,False,True,,3600.0,,5651.592589189987,100.01527786254884,,0.0,0.0
294,4,80,20,10%,50,False,False,True,,3600.0,,5281.474582673371,100.02923011779784,,0.0,0.0
295,4,80,50,10%,50,False,False,True,,3600.0,,5276.453113332689,100.04104804992676,,0.0,0.0
296,4,80,100,25%,50,False,True,True,4.205897472560681,3600.0,40009.0,4885.339332506321,100.0207588672638,27.910101175308228,0.7776340912402873,0.33178830925216485
297,4,80,10,25%,50,False,False,True,,3600.0,,5226.691695911938,0.4024980068206787,,0.0,0.0
298,4,80,20,25%,50,False,False,True,,3600.0,,4932.193319876742,35.68102288246155,,0.0,0.0
299,4,80,50,25%,50,False,False,True,,3600.0,,4812.037145959689,54.03666687011719,,0.0,0.0
300,0,10,100,1,50,False,True,False,3.2322455192202636e-05,7.657140016555786,438.0,891.5850828682986,,,,
301,0,10,10,1,50,False,False,False,0.002355824920102009,6.435400009155273,2029.0,597.495448173551,,,,
302,0,10,20,1,50,False,False,False,0.01361640321516,3600.0,3061174.0,616.8236545124688,,,,
303,0,10,50,1,50,False,False,False,0.19433559796423,3600.0,420251.0,677.8390170488549,,,,
304,0,10,100,1,50,False,True,False,3.2322455192202636e-05,7.78156304359436,438.0,891.5850828682986,,,,
305,0,10,10,1,50,False,False,False,0.02374865171068,3600.0,3647820.0,591.4596194193732,,,,
306,0,10,20,1,50,False,False,False,0.00405541851532661,145.63076996803284,41114.0,650.6344608024217,,,,
307,0,10,50,1,50,False,False,False,0.007930617266326672,196.68469214439392,33891.0,751.6780526459222,,,,
308,0,10,100,20%,50,False,True,False,1.1289219875061778e-05,26.904700994491577,902.0,781.5308071912692,,,,
309,0,10,10,20%,50,False,False,False,0.006236038515411461,3.717782020568848,2010.0,443.7930938274178,,,,
310,0,10,20,20%,50,False,False,False,0.0032949355563932923,33.14881992340088,8225.0,475.82744858914566,,,,
311,0,10,50,20%,50,False,False,False,0.005785775533209028,112.75700092315674,17543.0,488.9353893704949,,,,
312,0,20,100,1,50,False,True,False,0.0005304572294693874,72.98580503463745,7288.0,2390.447103788661,,,,
313,0,20,10,1,50,False,False,False,7.692915095646958e-05,122.83829307556152,5971.0,1316.2142174505725,,,,
314,0,20,20,1,50,False,False,False,0.000786466483251678,980.6508178710938,77867.0,1341.359010267882,,,,
315,0,20,50,1,50,False,False,False,,3600.0,,,,,,
316,0,20,100,10%,50,False,True,False,8.870604329469046e-06,347.2187798023224,3039.0,1766.8615433062191,,,,
317,0,20,10,10%,50,False,False,False,0.009335881616950637,112.09447598457336,12583.0,940.7622281406142,,,,
318,0,20,20,10%,50,False,False,False,0.006448703133266286,1164.3576180934906,114360.0,1154.403461701952,,,,
319,0,20,50,10%,50,False,False,False,0.001623323795304849,2963.498820066452,161018.0,1123.129382364836,,,,
320,0,20,100,25%,50,False,True,False,4.01832121030344e-06,113.46560096740724,7640.0,1369.0493504992191,,,,
321,0,20,10,25%,50,False,False,False,0.008388844228467493,326.67006397247314,37091.0,712.4760631683295,,,,
322,0,20,20,25%,50,False,False,False,0.000601222554744568,575.3035640716553,36977.0,734.4040131825542,,,,
323,0,20,50,25%,50,False,False,False,0.009982185898776976,741.0924201011658,41218.0,744.7812830058988,,,,
324,0,30,100,1,50,False,True,False,0.00788567023456852,125.7761549949646,5076.0,3582.7771898584765,,,,
325,0,30,10,1,50,False,False,False,0.00025177035105635663,1071.6158709526062,79406.0,2067.496818719236,,,,
326,0,30,20,1,50,False,False,False,0.006788471474808868,3474.7770240306854,85595.0,2091.3864501895723,,,,
327,0,30,50,1,50,False,False,False,,3600.0,,,,,,
328,0,30,100,10%,50,False,True,False,0.002091328201923604,1234.1073100566864,24086.0,2502.346883321308,,,,
329,0,30,10,10%,50,False,False,False,0.00031184578970485445,398.22736716270447,24693.0,1403.7143108138944,,,,
330,0,30,20,10%,50,False,False,False,,3600.0,,,,,,
331,0,30,50,10%,50,False,False,False,,3600.0,,,,,,
332,0,30,100,23%,50,False,True,False,0.0020733902643765914,908.2003297805786,24414.0,2072.2470743046524,,,,
333,0,30,10,23%,50,False,False,False,0.0004733278260428142,318.7938039302826,22041.0,1079.2188464470737,,,,
334,0,30,20,23%,50,False,False,False,0.002027005376227476,3522.186546087265,135817.0,1154.113455906324,,,,
335,0,30,50,23%,50,False,False,False,,3600.0,,,,,,
336,0,50,100,1,50,False,True,False,0.00915392404001804,1253.067459821701,15857.0,6098.549943430849,,,,
337,0,50,10,1,50,False,False,False,,3600.0,,,,,,
338,0,50,20,1,50,False,False,False,,3600.0,,,,,,
339,0,50,50,1,50,False,False,False,,3600.0,,,,,,
340,0,50,100,10%,50,False,True,False,17.55568444524524,3600.0,47821.0,4061.681048447347,,,,
341,0,50,10,10%,50,False,False,False,,3600.0,,,,,,
342,0,50,20,10%,50,False,False,False,,3600.0,,,,,,
343,0,50,50,10%,50,False,False,False,,3600.0,,,,,,
344,0,50,100,24%,50,False,True,False,1.89962050065008,3600.0,50321.0,3145.973786452329,,,,
345,0,50,10,24%,50,False,False,False,,3600.0,,,,,,
346,0,50,20,24%,50,False,False,False,,3600.0,,,,,,
347,0,50,50,24%,50,False,False,False,,3600.0,,,,,,
348,0,80,100,1,50,False,True,False,0.67100537320128,3600.0,80181.0,11943.7809952381,,,,
349,0,80,10,1,50,False,False,False,,3600.0,,,,,,
350,0,80,20,1,50,False,False,False,,3600.0,,,,,,
351,0,80,50,1,50,False,False,False,,3600.0,,,,,,
352,0,80,100,10%,50,False,True,False,33.70550716551508,3600.0,8873.0,7653.26829080139,,,,
353,0,80,10,10%,50,False,False,False,,3600.0,,,,,,
354,0,80,20,10%,50,False,False,False,,3600.0,,,,,,
355,0,80,50,10%,50,False,False,False,,3600.0,,,,,,
356,0,80,100,25%,50,False,True,False,5.12070375804441,3600.0,33858.0,4961.445640558009,,,,
357,0,80,10,25%,50,False,False,False,,3600.0,,,,,,
358,0,80,20,25%,50,False,False,False,,3600.0,,,,,,
359,0,80,50,25%,50,False,False,False,,3600.0,,,,,,
360,1,10,100,1,50,False,True,False,0.0,10.109840869903564,2358.0,985.265636202312,,,,
361,1,10,10,1,50,False,False,False,0.00022660348548270327,1.676417112350464,774.0,644.6798663697141,,,,
362,1,10,20,1,50,False,False,False,0.00020188891737915783,4.448487997055054,1356.0,644.6798345832237,,,,
363,1,10,50,1,50,False,False,False,0.005030510285226332,34.40356397628784,2081.0,662.4310864603826,,,,
364,1,10,100,1,50,False,True,False,0.0,10.194261074066162,2358.0,985.265636202312,,,,
365,1,10,10,1,50,False,False,False,1.2704180290727777e-05,4.521759986877441,2199.0,595.2971153418866,,,,
366,1,10,20,1,50,False,False,False,0.0012262459688536852,25.469491004943848,1936.0,672.1296749554931,,,,
367,1,10,50,1,50,False,False,False,2.858933096040338e-05,78.1422610282898,8997.0,767.6431056804724,,,,
368,1,10,100,20%,50,False,True,False,7.216818129399209e-06,39.60045099258423,1049.0,811.0425235729977,,,,
369,1,10,10,20%,50,False,False,False,0.0012219697497493124,8.317508220672607,2133.0,474.3933645315402,,,,
370,1,10,20,20%,50,False,False,False,0.0032610967130227075,29.66157293319702,10493.0,472.65226019258427,,,,
371,1,10,50,20%,50,False,False,False,0.00010201192425216128,86.99092698097229,10370.0,567.5115533925248,,,,
372,1,20,100,1,50,False,True,False,0.0,78.18803191184998,6473.0,1960.748259066479,,,,
373,1,20,10,1,50,False,False,False,0.0002300930348559789,87.78893685340881,8203.0,1160.1991913513996,,,,
374,1,20,20,1,50,False,False,False,0.0004556721626196781,592.5634949207306,39010.0,1329.2300466046536,,,,
375,1,20,50,1,50,False,False,False,0.03741947952893,3600.0,217963.0,1351.4781091435348,,,,
376,1,20,100,10%,50,False,True,False,7.51525335847978e-06,462.9029958248138,5545.0,1675.1510770041768,,,,
377,1,20,10,10%,50,False,False,False,0.009836139990024181,168.45332503318787,20603.0,987.5480036653164,,,,
378,1,20,20,10%,50,False,False,False,0.0003212063353302247,494.8275110721588,16896.0,979.43312744812,,,,
379,1,20,50,10%,50,False,False,False,,3600.0,,,,,,
380,1,20,100,25%,50,False,True,False,0.0019246605777781607,133.53988122940063,6026.0,1321.1029804672164,,,,
381,1,20,10,25%,50,False,False,False,8.271728477279855e-05,153.4407320022583,30132.0,712.328213265233,,,,
382,1,20,20,25%,50,False,False,False,0.0008090265986801935,466.8797869682312,27147.0,715.2693151804835,,,,
383,1,20,50,25%,50,False,False,False,0.002537870942503663,1804.530571937561,130216.0,753.3719366395195,,,,
384,1,30,100,1,50,False,True,False,0.0,798.7448971271515,51073.0,3363.6538525836577,,,,
385,1,30,10,1,50,False,False,False,0.0006068117718527443,507.99267387390137,14480.0,1937.254239555217,,,,
386,1,30,20,1,50,False,False,False,,3600.0,,,,,,
387,1,30,50,1,50,False,False,False,,3600.0,,,,,,
388,1,30,100,10%,50,False,True,False,0.0052523123400050106,3208.8720791339874,66739.0,2453.586914538998,,,,
389,1,30,10,10%,50,False,False,False,0.005875949655397079,341.89343881607056,21863.0,1362.9086679805202,,,,
390,1,30,20,10%,50,False,False,False,0.00023103026262263573,2452.600362062454,59272.0,1418.3553308160383,,,,
391,1,30,50,10%,50,False,False,False,,3600.0,,,,,,
392,1,30,100,23%,50,False,True,False,0.004653794395809513,2081.6967339515686,51569.0,2019.773781804559,,,,
393,1,30,10,23%,50,False,False,False,0.00029176907119575577,213.79623699188232,20837.0,1090.966422222759,,,,
394,1,30,20,23%,50,False,False,False,6.938600622601186e-05,1429.2601909637451,51426.0,1113.497948384006,,,,
395,1,30,50,23%,50,False,False,False,,3600.0,,,,,,
396,1,50,100,1,50,False,True,False,0.00982438766973972,550.6046369075775,34857.0,6170.3309637617895,,,,
397,1,50,10,1,50,False,False,False,0.004174555604047143,3397.1626629829407,88962.0,3153.408068041427,,,,
398,1,50,20,1,50,False,False,False,,3600.0,,,,,,
399,1,50,50,1,50,False,False,False,,3600.0,,,,,,
400,1,50,100,10%,50,False,True,False,10.59913266276654,3600.0,35238.0,3804.5673288391417,,,,
401,1,50,10,10%,50,False,False,False,,3600.0,,,,,,
402,1,50,20,10%,50,False,False,False,,3600.0,,,,,,
403,1,50,50,10%,50,False,False,False,,3600.0,,,,,,
404,1,50,100,24%,50,False,True,False,0.49824351065867994,3600.0,41508.0,3138.454218580664,,,,
405,1,50,10,24%,50,False,False,False,0.0009368406597936248,1646.1634421348572,68585.0,1664.95242567241,,,,
406,1,50,20,24%,50,False,False,False,0.0022273063037624003,2126.711344957352,22058.0,1695.867192115007,,,,
407,1,50,50,24%,50,False,False,False,,3600.0,,,,,,
408,1,80,100,1,50,False,True,False,38.45155043221795,3600.0,16277.0,10497.605545910115,,,,
409,1,80,10,1,50,False,False,False,,3600.0,,,,,,
410,1,80,20,1,50,False,False,False,,3600.0,,,,,,
411,1,80,50,1,50,False,False,False,,3600.0,,,,,,
412,1,80,100,10%,50,False,True,False,29.109646997555373,3600.0,2403.0,7140.277052275174,,,,
413,1,80,10,10%,50,False,False,False,,3600.0,,,,,,
414,1,80,20,10%,50,False,False,False,,3600.0,,,,,,
415,1,80,50,10%,50,False,False,False,,3600.0,,,,,,
416,1,80,100,25%,50,False,True,False,3.1360305484497504,3600.0,26993.0,4878.685242818543,,,,
417,1,80,10,25%,50,False,False,False,,3600.0,,,,,,
418,1,80,20,25%,50,False,False,False,,3600.0,,,,,,
419,1,80,50,25%,50,False,False,False,,3600.0,,,,,,
420,2,10,100,1,50,False,True,False,0.009361777995982265,2.656747817993164,430.0,1019.3836529244682,,,,
421,2,10,10,1,50,False,False,False,0.005843006328356686,0.9609570503234864,1.0,715.7447031057605,,,,
422,2,10,20,1,50,False,False,False,0.0004604430884700768,1.422663927078247,1.0,744.4069343022003,,,,
423,2,10,50,1,50,False,False,False,0.000130622455949453,18.647958040237427,1744.0,855.7829844519763,,,,
424,2,10,100,1,50,False,True,False,0.009361777995982265,2.649021863937378,430.0,1019.3836529244682,,,,
425,2,10,10,1,50,False,False,False,0.0010987153879626881,0.7983510494232178,1.0,715.3196514052605,,,,
426,2,10,20,1,50,False,False,False,0.0017120753721889188,3.384382963180542,1174.0,740.7536368802503,,,,
427,2,10,50,1,50,False,False,False,0.00029747580421925386,38.72750306129456,8978.0,904.7470693126924,,,,
428,2,10,100,20%,50,False,True,False,1.701418470911154e-05,22.46431303024292,1278.0,834.9238357396309,,,,
429,2,10,10,20%,50,False,False,False,0.0014696143341973937,3.577695846557617,2496.0,497.0066445762285,,,,
430,2,10,20,20%,50,False,False,False,0.00021599029918239468,8.701993942260742,2179.0,497.0017862736423,,,,
431,2,10,50,20%,50,False,False,False,0.0002286796189877297,34.5204861164093,3611.0,557.066129080569,,,,
432,2,20,100,1,50,False,True,False,0.0,63.81408405303955,10794.0,1922.227329974065,,,,
433,2,20,10,1,50,False,False,False,0.005089061667299633,112.76911115646362,24432.0,1226.522624030958,,,,
434,2,20,20,1,50,False,False,False,0.0011291593839411489,726.9378068447113,62371.0,1310.1903614383448,,,,
435,2,20,50,1,50,False,False,False,0.009823479619270763,820.5655660629272,82563.0,1332.8053116946712,,,,
436,2,20,100,10%,50,False,True,False,0.006465312597631898,173.36595487594604,4574.0,1626.035318143336,,,,
437,2,20,10,10%,50,False,False,False,0.009182130760631232,81.39665699005127,7249.0,973.8174265969452,,,,
438,2,20,20,10%,50,False,False,False,0.003167580017542329,269.97154808044434,5675.0,1017.1948856316668,,,,
439,2,20,50,10%,50,False,False,False,0.0030949823921575977,2068.810870885849,103042.0,1102.541430833389,,,,
440,2,20,100,25%,50,False,True,False,0.00040900417385066496,124.17215418815611,5478.0,1366.5560569683748,,,,
441,2,20,10,25%,50,False,False,False,0.0014107624676813256,150.90003299713135,21618.0,758.4954491090682,,,,
442,2,20,20,25%,50,False,False,False,0.009890917252210875,393.1578040122986,27532.0,752.5943385395768,,,,
443,2,20,50,25%,50,False,False,False,,3600.0,,,,,,
444,2,30,100,1,50,False,True,False,2.287918583195276e-08,290.8716230392456,42807.0,3561.9771143404487,,,,
445,2,30,10,1,50,False,False,False,0.0003055818084555903,399.64314794540405,28751.0,1928.758320277896,,,,
446,2,30,20,1,50,False,False,False,0.01541686244782,3600.0,112519.0,2187.4290159521934,,,,
447,2,30,50,1,50,False,False,False,,3600.0,,,,,,
448,2,30,100,10%,50,False,True,False,3.286849702828195e-06,1045.145823955536,39751.0,2505.6013357912907,,,,
449,2,30,10,10%,50,False,False,False,9.01831233578224e-05,615.5996370315552,61196.0,1338.373404943795,,,,
450,2,30,20,10%,50,False,False,False,,3600.0,,,,,,
451,2,30,50,10%,50,False,False,False,,3600.0,,,,,,
452,2,30,100,23%,50,False,True,False,0.0,812.9563899040222,25474.0,2016.721621066344,,,,
453,2,30,10,23%,50,False,False,False,0.000830307427891619,657.5029718875885,40835.0,1084.5677364897506,,,,
454,2,30,20,23%,50,False,False,False,0.002657677769519423,1158.2018740177157,31594.0,1119.5071007126962,,,,
455,2,30,50,23%,50,False,False,False,,3600.0,,,,,,
456,2,50,100,1,50,False,True,False,0.01205948133076,3600.0,420489.0,6040.355676457929,,,,
457,2,50,10,1,50,False,False,False,,3600.0,,,,,,
458,2,50,20,1,50,False,False,False,,3600.0,,,,,,
459,2,50,50,1,50,False,False,False,,3600.0,,,,,,
460,2,50,100,10%,50,False,True,False,14.354877983192479,3600.0,54522.0,3934.327497726528,,,,
461,2,50,10,10%,50,False,False,False,,3600.0,,,,,,
462,2,50,20,10%,50,False,False,False,,3600.0,,,,,,
463,2,50,50,10%,50,False,False,False,,3600.0,,,,,,
464,2,50,100,24%,50,False,True,False,0.84738409514355,3600.0,51698.0,3114.24391960906,,,,
465,2,50,10,24%,50,False,False,False,0.006610200892791281,3137.895131111145,140972.0,1652.8586379190526,,,,
466,2,50,20,24%,50,False,False,False,,3600.0,,,,,,
467,2,50,50,24%,50,False,False,False,,3600.0,,,,,,
468,2,80,100,1,50,False,True,False,0.031679053765699995,3600.0,83540.0,11317.04115630976,,,,
469,2,80,10,1,50,False,False,False,,3600.0,,,,,,
470,2,80,20,1,50,False,False,False,,3600.0,,,,,,
471,2,80,50,1,50,False,False,False,,3600.0,,,,,,
472,2,80,100,10%,50,False,True,False,28.710864096530248,3600.0,12823.0,7047.844927281289,,,,
473,2,80,10,10%,50,False,False,False,,3600.0,,,,,,
474,2,80,20,10%,50,False,False,False,,3600.0,,,,,,
475,2,80,50,10%,50,False,False,False,,3600.0,,,,,,
476,2,80,100,25%,50,False,True,False,6.42670909528379,3600.0,32557.0,5037.936468652013,,,,
477,2,80,10,25%,50,False,False,False,,3600.0,,,,,,
478,2,80,20,25%,50,False,False,False,,3600.0,,,,,,
479,2,80,50,25%,50,False,False,False,,3600.0,,,,,,
480,3,10,100,1,50,False,True,False,0.0,6.636477947235107,1532.0,853.0478997857845,,,,
481,3,10,10,1,50,False,False,False,0.006166805178891928,2.246863842010498,1028.0,548.0697622974884,,,,
482,3,10,20,1,50,False,False,False,0.0015039314833412548,21.396220922470093,2039.0,574.0386426308337,,,,
483,3,10,50,1,50,False,False,False,0.007937687857941043,174.0846118927002,33679.0,689.3308904276507,,,,
484,3,10,100,1,50,False,True,False,0.0,6.583493947982788,1532.0,853.0478997857845,,,,
485,3,10,10,1,50,False,False,False,8.9045251008072e-05,2.9380478858947754,506.0,575.2249623678636,,,,
486,3,10,20,1,50,False,False,False,7.326148199516037e-05,29.21869206428528,13370.0,548.0383917391509,,,,
487,3,10,50,1,50,False,False,False,0.0026663820496331194,108.22419309616087,23108.0,676.2334263792725,,,,
488,3,10,100,20%,50,False,True,False,9.462534023068936e-05,7.344248056411743,137.0,731.2865228504642,,,,
489,3,10,10,20%,50,False,False,False,0.0005110036554210899,9.364377975463867,6311.0,449.7962786604203,,,,
490,3,10,20,20%,50,False,False,False,0.00710144733678421,30.31145191192627,11105.0,449.7961641373712,,,,
491,3,10,50,20%,50,False,False,False,0.0009345725023815724,85.06113004684448,10978.0,506.2496803036658,,,,
492,3,20,100,1,50,False,True,False,0.0,42.41700601577759,1400.0,2164.489676315757,,,,
493,3,20,10,1,50,False,False,False,0.00012188592207470724,258.8776969909668,9205.0,1430.442150922446,,,,
494,3,20,20,1,50,False,False,False,0.0018617359087214564,573.8274607658386,56162.0,1521.053901995438,,,,
495,3,20,50,1,50,False,False,False,0.15300731637876,3600.0,149238.0,1624.8931096787596,,,,
496,3,20,100,10%,50,False,True,False,0.003612459619706472,435.6161699295044,2730.0,1685.744123730719,,,,
497,3,20,10,10%,50,False,False,False,0.0003157688420358803,122.38677501678468,29505.0,1040.0518156440298,,,,
498,3,20,20,10%,50,False,False,False,0.0027251139066637067,723.9165959358215,44733.0,1177.3837920851452,,,,
499,3,20,50,10%,50,False,False,False,0.008668650657609713,1788.3470509052277,92904.0,1177.825478138603,,,,
500,3,20,100,25%,50,False,True,False,0.0014105123990839688,139.27455615997314,2902.0,1361.0699308820724,,,,
501,3,20,10,25%,50,False,False,False,0.00021781760332774421,96.04634284973145,9219.0,737.344502388875,,,,
502,3,20,20,25%,50,False,False,False,0.0020763235900343622,256.036257982254,26561.0,780.6717900465718,,,,
503,3,20,50,25%,50,False,False,False,0.0023657637339051006,1819.083083152771,83025.0,815.5456580070672,,,,
504,3,30,100,1,50,False,True,False,0.006270353627150783,137.04458117485046,7565.0,3618.85032284726,,,,
505,3,30,10,1,50,False,False,False,1.1034120287746936e-05,541.6324260234833,46639.0,2099.1791991966484,,,,
506,3,30,20,1,50,False,False,False,0.0074936871749113655,3086.584179878235,107992.0,2289.645505644018,,,,
507,3,30,50,1,50,False,False,False,27.69867862493765,3600.0,68939.0,2939.020199658357,,,,
508,3,30,100,10%,50,False,True,False,0.0012987698337692559,1313.4455931186676,33406.0,2515.219646814728,,,,
509,3,30,10,10%,50,False,False,False,0.0005893198401594518,1090.9712030887604,72720.0,1472.3260442887115,,,,
510,3,30,20,10%,50,False,False,False,0.0016954231227355036,3257.091949939728,106669.0,1493.7456336572827,,,,
511,3,30,50,10%,50,False,False,False,10.59451446676231,3600.0,95055.0,1879.7391086712807,,,,
512,3,30,100,23%,50,False,True,False,0.0027542226159091585,627.4513220787048,9612.0,1973.22049407908,,,,
513,3,30,10,23%,50,False,False,False,0.0033904262424852985,428.6429340839386,40229.0,1134.2385308075995,,,,
514,3,30,20,23%,50,False,False,False,0.005263639962866211,1332.431580066681,51298.0,1095.1497719081867,,,,
515,3,30,50,23%,50,False,False,False,0.0004320350281064281,2857.0667860507965,66558.0,1320.9408080323285,,,,
516,3,50,100,1,50,False,True,False,0.09854690466254,3600.0,361858.0,6233.68662851841,,,,
517,3,50,10,1,50,False,False,False,,3600.0,,,,,,
518,3,50,20,1,50,False,False,False,,3600.0,,,,,,
519,3,50,50,1,50,False,False,False,,3600.0,,,,,,
520,3,50,100,10%,50,False,True,False,15.291928212543421,3600.0,31706.0,4051.184854201485,,,,
521,3,50,10,10%,50,False,False,False,0.002181066290403132,2745.9090051651,96311.0,2084.164547812566,,,,
522,3,50,20,10%,50,False,False,False,,3600.0,,,,,,
523,3,50,50,10%,50,False,False,False,,3600.0,,,,,,
524,3,50,100,24%,50,False,True,False,2.5714813008803397,3600.0,50392.0,3204.2219888756044,,,,
525,3,50,10,24%,50,False,False,False,0.00523134846239054,2753.311620950699,113932.0,1688.0857275867136,,,,
526,3,50,20,24%,50,False,False,False,,3600.0,,,,,,
527,3,50,50,24%,50,False,False,False,,3600.0,,,,,,
528,3,80,100,1,50,False,True,False,0.01340077195563,3600.0,130885.0,12319.435216333955,,,,
529,3,80,10,1,50,False,False,False,,3600.0,,,,,,
530,3,80,20,1,50,False,False,False,,3600.0,,,,,,
531,3,80,50,1,50,False,False,False,,3600.0,,,,,,
532,3,80,100,10%,50,False,True,False,31.27094161468345,3600.0,795.0,7499.759896069199,,,,
533,3,80,10,10%,50,False,False,False,,3600.0,,,,,,
534,3,80,20,10%,50,False,False,False,,3600.0,,,,,,
535,3,80,50,10%,50,False,False,False,,3600.0,,,,,,
536,3,80,100,25%,50,False,True,False,4.58532943458973,3600.0,11132.0,5051.969614071669,,,,
537,3,80,10,25%,50,False,False,False,,3600.0,,,,,,
538,3,80,20,25%,50,False,False,False,,3600.0,,,,,,
539,3,80,50,25%,50,False,False,False,,3600.0,,,,,,
540,4,10,100,1,50,False,True,False,0.0,3.687225103378296,419.0,932.2018663711368,,,,
541,4,10,10,1,50,False,False,False,0.00041906660941911343,7.006078004837036,2271.0,579.4459677405538,,,,
542,4,10,20,1,50,False,False,False,0.008207392481457703,13.650696039199827,2096.0,639.9055256156557,,,,
543,4,10,50,1,50,False,False,False,0.001516489814586358,223.1022908687592,46643.0,686.6738460944116,,,,
544,4,10,100,1,50,False,True,False,0.0,3.625221967697144,419.0,932.2018663711368,,,,
545,4,10,10,1,50,False,False,False,0.0011050147514079167,2.922257900238037,715.0,668.8344256613236,,,,
546,4,10,20,1,50,False,False,False,0.0011559193333709524,32.086369037628174,7067.0,579.4500028463655,,,,
547,4,10,50,1,50,False,False,False,0.00907662788424052,53.9399209022522,4475.0,634.3566385227471,,,,
548,4,10,100,20%,50,False,True,False,2.9488286896391933e-06,32.27520990371704,1090.0,796.0990091899398,,,,
549,4,10,10,20%,50,False,False,False,0.0053787844050815934,9.862594842910768,2051.0,493.0221499119928,,,,
550,4,10,20,20%,50,False,False,False,8.962274368190168e-05,37.95167803764343,5885.0,483.9203904187063,,,,
551,4,10,50,20%,50,False,False,False,0.005669753003331684,198.3201858997345,34312.0,557.1685080154233,,,,
552,4,20,100,1,50,False,True,False,0.0015924630628243557,73.93932104110718,3366.0,2114.838635156764,,,,
553,4,20,10,1,50,False,False,False,0.0005182678687761516,53.63926410675049,7401.0,1348.0760029983894,,,,
554,4,20,20,1,50,False,False,False,0.0067894765519093524,829.223433971405,78736.0,1457.3509513738406,,,,
555,4,20,50,1,50,False,False,False,0.55458474093712,3600.0,111166.0,1682.5100056620258,,,,
556,4,20,100,10%,50,False,True,False,0.0006209208296218455,133.77239394187927,2512.0,1717.17666420069,,,,
557,4,20,10,10%,50,False,False,False,0.00042476463517599454,180.6391088962555,17012.0,1106.4845788975967,,,,
558,4,20,20,10%,50,False,False,False,0.00010565418339462181,646.1888837814331,46750.0,1122.4131077140755,,,,
559,4,20,50,10%,50,False,False,False,0.52603772530118,3600.0,102926.0,1255.6750822173267,,,,
560,4,20,100,25%,50,False,True,False,0.00018849444042110558,246.42876887321472,12162.0,1373.3311117393637,,,,
561,4,20,10,25%,50,False,False,False,0.003456108580906045,151.3599410057068,27807.0,736.4760576250101,,,,
562,4,20,20,25%,50,False,False,False,0.00151510352134336,158.77842378616333,13084.0,772.9819780492572,,,,
563,4,20,50,25%,50,False,False,False,0.00977036929597062,772.1639680862427,30712.0,806.1208215286754,,,,
564,4,30,100,1,50,False,True,False,0.0,269.7553360462189,24420.0,3225.082367539265,,,,
565,4,30,10,1,50,False,False,False,0.0007002375419671976,535.0007791519165,42662.0,1989.5119258721147,,,,
566,4,30,20,1,50,False,False,False,,3600.0,,,,,,
567,4,30,50,1,50,False,False,False,,3600.0,,,,,,
568,4,30,100,10%,50,False,True,False,6.878683528237262e-07,1059.149712085724,41270.0,2350.12336995787,,,,
569,4,30,10,10%,50,False,False,False,0.0017759594369810825,353.8024899959564,23640.0,1301.4556012174858,,,,
570,4,30,20,10%,50,False,False,False,0.006331989760355482,2214.63661813736,61495.0,1307.516477260607,,,,
571,4,30,50,10%,50,False,False,False,,3600.0,,,,,,
572,4,30,100,23%,50,False,True,False,2.98558069052016,3600.0,98630.0,1975.532942801603,,,,
573,4,30,10,23%,50,False,False,False,0.001317019324283951,652.2417578697205,71390.0,1025.993874281652,,,,
574,4,30,20,23%,50,False,False,False,,3600.0,,,,,,
575,4,30,50,23%,50,False,False,False,,3600.0,,,,,,
576,4,50,100,1,50,False,True,False,0.008489903366426329,1201.3259320259094,11900.0,5803.465671346507,,,,
577,4,50,10,1,50,False,False,False,,3600.0,,,,,,
578,4,50,20,1,50,False,False,False,,3600.0,,,,,,
579,4,50,50,1,50,False,False,False,,3600.0,,,,,,
580,4,50,100,10%,50,False,True,False,14.48351374179668,3600.0,46460.0,3884.171970554272,,,,
581,4,50,10,10%,50,False,False,False,,3600.0,,,,,,
582,4,50,20,10%,50,False,False,False,,3600.0,,,,,,
583,4,50,50,10%,50,False,False,False,,3600.0,,,,,,
584,4,50,100,24%,50,False,True,False,1.14951652362808,3600.0,52468.0,3100.729895354776,,,,
585,4,50,10,24%,50,False,False,False,0.003791589447053231,3436.74471783638,123003.0,1639.5206270320186,,,,
586,4,50,20,24%,50,False,False,False,1.9696505264603301,3600.0,18985.0,1704.3322243633274,,,,
587,4,50,50,24%,50,False,False,False,,3600.0,,,,,,
588,4,80,100,1,50,False,True,False,0.034334329930130005,3600.0,23630.0,11118.06511801987,,,,
589,4,80,10,1,50,False,False,False,,3600.0,,,,,,
590,4,80,20,1,50,False,False,False,,3600.0,,,,,,
591,4,80,50,1,50,False,False,False,,3600.0,,,,,,
592,4,80,100,10%,50,False,True,False,34.220718526671554,3600.0,2125.0,7637.285144631872,,,,
593,4,80,10,10%,50,False,False,False,,3600.0,,,,,,
594,4,80,20,10%,50,False,False,False,,3600.0,,,,,,
595,4,80,50,10%,50,False,False,False,,3600.0,,,,,,
596,4,80,100,25%,50,False,True,False,19.07601266231803,3600.0,1100.0,5819.107539558516,,,,
597,4,80,10,25%,50,False,False,False,,3600.0,,,,,,
598,4,80,20,25%,50,False,False,False,,3600.0,,,,,,
599,4,80,50,25%,50,False,False,False,,3600.0,,,,,,
