,Instance,n_N,n_B,k,Single,wL,Lazy,A4,Init,Gap,Runtime,NodeCount,ObjVal,Runtime_h,Runtime_h2,ObjVal_h,ObjVal_h2
0,3,10,1,1,True,0,False,False,False,6.214167171491348e-05,3.6623730659484863,3294.0,298.04588058886407,,,,
1,3,10,1,1,True,0,False,False,True,5.48968550616056e-06,3.2210958003997803,1359.0,298.0392597489752,0.0118410587310791,0.0075128078460693,327.19015757131046,327.19015757131046
2,3,10,3,1,True,0,False,False,False,8.780516992089627e-05,30.44389605522156,12663.0,298.0386404763929,,,,
3,3,10,3,1,True,0,False,False,True,1.7513375362760836e-07,167.95969009399414,106751.0,298.0382384817724,0.0202209949493408,0.0156660079956054,327.19015757131046,327.19015757131046
4,3,10,9,1,True,0,False,False,False,8.715164609299575e-07,339.07999777793884,139998.0,306.67245311229675,,,,
5,3,10,9,1,True,0,False,False,True,1.818292851317063e-05,84.2046709060669,22522.0,306.6776255161652,0.0407061576843261,14.484369039535522,335.9620058675746,320.83495251229976
6,3,10,19,1,True,0,False,True,False,0.0,70.32206201553345,38867.0,331.7235095741256,,,,
7,3,10,19,1,True,0,False,True,True,7.64676184473043e-06,98.9689781665802,51420.0,331.7235452954877,0.0789520740509033,0.6642861366271973,361.174962007063,560.2436887759302
8,3,10,1,1,True,50,False,False,False,2.4324761377385685e-05,2.964017868041992,1988.0,548.0393647024226,,,,
9,3,10,1,1,True,50,False,False,True,7.87427030405985e-05,4.313593864440918,3620.0,548.0383492499138,0.0124890804290771,0.0072848796844482,577.1901575713105,577.1901575713105
10,3,10,3,1,True,50,False,False,False,1.0853345207874349e-07,16.522289037704468,8031.0,548.0382439897553,,,,
11,3,10,3,1,True,50,False,False,True,9.86441743599261e-07,10.91675591468811,7245.0,548.0382390595714,0.019280195236206,0.0164439678192138,577.1901575713105,577.1901575713104
12,3,10,9,1,True,50,False,False,False,1.3518266019132002e-05,23.383875131607056,4683.0,639.9359038680827,,,,
13,3,10,9,1,True,50,False,False,True,8.514877997853972e-07,15.779395818710327,2031.0,639.9333643685131,0.0265991687774658,14.114259958267212,669.0920289374126,640.2770852786136
14,3,10,19,1,True,50,False,True,False,0.0,46.37435483932495,2370.0,840.2925343378669,,,,
15,3,10,19,1,True,50,False,True,True,1.3370682347451803e-09,43.21865487098694,1447.0,840.292635675175,0.0438098907470703,0.659174919128418,869.3049850769008,1210.3195016715206
16,3,10,1,1,True,0,False,False,False,6.214167171491348e-05,3.592411994934082,3294.0,298.04588058886407,,,,
17,3,10,1,1,True,0,False,False,True,5.48968550616056e-06,3.254776954650879,1359.0,298.0392597489752,0.0134549140930175,0.0077018737792968,327.19015757131046,327.19015757131046
18,3,10,3,1,True,0,False,False,False,8.780516992089627e-05,30.61083197593689,12663.0,298.0386404763929,,,,
19,3,10,3,1,True,0,False,False,True,1.7513375362760836e-07,175.8930859565735,106751.0,298.0382384817724,0.0234999656677246,0.0157089233398437,327.19015757131046,327.19015757131046
20,3,10,9,1,True,0,False,False,False,8.715164609299575e-07,340.9123377799988,139998.0,306.67245311229675,,,,
21,3,10,9,1,True,0,False,False,True,1.818292851317063e-05,85.35338401794434,22522.0,306.6776255161652,0.0305080413818359,14.432265043258669,335.9620058675746,320.83495251229976
22,3,10,19,1,True,0,False,True,False,0.0,70.99253988265991,38867.0,331.7235095741256,,,,
23,3,10,19,1,True,0,False,True,True,7.64676184473043e-06,98.89843702316284,51420.0,331.7235452954877,0.0794589519500732,0.6653921604156494,361.174962007063,560.2436887759302
24,3,10,1,1,True,50,False,False,False,2.4324761377385685e-05,2.9429290294647217,1988.0,548.0393647024226,,,,
25,3,10,1,1,True,50,False,False,True,7.87427030405985e-05,4.360350131988525,3620.0,548.0383492499138,0.0103881359100341,0.0073091983795166,577.1901575713105,577.1901575713105
26,3,10,3,1,True,50,False,False,False,1.0853345207874349e-07,16.853080987930298,8031.0,548.0382439897553,,,,
27,3,10,3,1,True,50,False,False,True,7.888397059896286e-06,19.14525413513184,15484.0,548.0422532650371,0.0150699615478515,0.0157639980316162,577.1901575713105,577.1901575713104
28,3,10,9,1,True,50,False,False,False,1.3518266019132002e-05,23.68019413948059,4683.0,639.9359038680827,,,,
29,3,10,9,1,True,50,False,False,True,8.514877997853972e-07,15.789345979690552,2031.0,639.9333643685131,0.026526927947998,14.145144939422607,669.0920289374126,640.2770852786136
30,3,10,19,1,True,50,False,True,False,0.0,46.46336793899536,2370.0,840.2925343378669,,,,
31,3,10,19,1,True,50,False,True,True,1.3370682347451803e-09,43.92178392410278,1447.0,840.292635675175,0.0474271774291992,0.6655490398406982,869.3049850769008,1210.3195016715206
32,3,10,1,2,True,0,False,False,False,4.909456103460947e-05,2.0756261348724365,767.0,174.8233922949999,,,,
33,3,10,1,2,True,0,False,False,True,3.890928837317055e-06,2.8857078552246094,910.0,174.81989716393554,0.0639190673828125,0.0074291229248046,200.28063686618628,200.28063686618628
34,3,10,3,2,True,0,False,False,False,7.438703020653548e-05,26.80017900466919,10762.0,178.3282400298523,,,,
35,3,10,3,2,True,0,False,False,True,3.33728319059086e-07,59.10678291320801,48505.0,178.32817602765837,0.1003098487854003,0.3430159091949463,203.74227966153995,859.7211024196442
36,3,10,9,2,True,0,False,False,False,1.4877565262786369e-05,100.34841299057008,50837.0,184.62882300999,,,,
37,3,10,9,2,True,0,False,False,True,1.5912488574172391e-06,146.7398579120636,72547.0,184.6289996483032,0.1001319885253906,0.5459599494934082,211.84879789382,710.2427083347784
38,3,10,19,2,True,0,False,True,False,0.0,103.69944214820862,35124.0,251.64258032585388,,,,
39,3,10,19,2,True,0,False,True,True,7.101588202498325e-08,103.21268200874329,45189.0,251.6425729652424,0.2895019054412842,0.0846490859985351,299.06168735830835,369.5297194778689
40,3,10,1,2,True,50,False,False,False,1.2004882270482611e-06,4.80253791809082,2742.0,424.8200500775039,,,,
41,3,10,1,2,True,50,False,False,True,9.148173671627548e-06,3.094223976135254,472.0,424.8202703432869,0.0561709403991699,0.0073139667510986,450.2806368661863,450.2806368661863
42,3,10,3,2,True,50,False,False,False,0.0001716686330995,3600.0114471912384,2927204.0,455.188631428384,,,,
43,3,10,3,2,True,50,False,False,True,0.0002011441348994,3600.019515991211,3099526.0,455.18863269950657,0.3139300346374511,0.312363862991333,478.74227966154,1661.544644634338
44,3,10,9,2,True,50,False,False,False,0.0001647584015881,3600.02227306366,2058286.0,486.4892308834037,,,,
45,3,10,9,2,True,50,False,False,True,0.0001647584015881,3600.0270459651947,2030623.0,486.4892308834037,0.209878921508789,62.99969792366028,511.84879789382,701735.5994639064
46,3,10,19,2,True,50,False,True,False,0.0,30.965176820755005,6258.0,753.156733788279,,,,
47,3,10,19,2,True,50,False,True,True,1.2696811849273137e-06,34.70475912094116,7386.0,753.157395002672,0.2215349674224853,0.083367109298706,799.0616873583085,912.341458899262
48,3,10,1,1,False,0,False,False,False,2.3376765356710792e-05,2.972177028656006,1032.0,298.0391907464265,,,,
49,3,10,1,1,False,0,False,False,True,3.10879350334994e-05,2.895909070968628,1277.0,298.03822858255137,0.0050709247589111,0.0073761940002441,327.19015757131046,327.19015757131046
50,3,10,3,1,False,0,False,False,False,6.547727255195087e-05,15.709326028823853,8600.0,298.0385476934222,,,,
51,3,10,3,1,False,0,False,False,True,3.604947684288717e-06,20.233348846435547,16131.0,298.0384789639792,0.0993061065673828,0.0336689949035644,327.19015757131046,327.19015757131046
52,3,10,9,1,False,0,False,False,False,8.445865999669922e-07,41.92882800102234,17973.0,306.67225349869466,,,,
53,3,10,9,1,False,0,False,False,True,2.6557544070534647e-06,24.32973909378052,3675.0,306.67281512211423,0.3389129638671875,1.6679270267486572,335.9620058675746,340.1675898752679
54,3,10,19,1,False,0,False,True,False,9.519632961120492e-05,72.87744808197021,37202.0,331.7233109046846,,,,
55,3,10,19,1,False,0,False,True,True,0.0,130.22657012939453,36886.0,331.7234893164234,0.9965250492095948,2.297702074050904,361.17496200706296,468.98132632813264
56,3,10,1,1,False,50,False,False,False,5.430977670439514e-05,2.802237033843994,893.0,548.0398486079799,,,,
57,3,10,1,1,False,50,False,False,True,9.377196045039636e-05,2.461999893188477,457.0,548.0506992286255,0.0046770572662353,0.0067598819732666,577.1901575713105,577.1901575713105
58,3,10,3,1,False,50,False,False,False,2.0695454716293323e-05,11.322220087051392,1842.0,548.0478525312576,,,,
59,3,10,3,1,False,50,False,False,True,4.1132395085738815e-05,2.21871304512024,780.0,548.0599958933424,0.1132528781890869,0.033092975616455,577.1901575713105,577.1901575713105
60,3,10,9,1,False,50,False,False,False,8.13504505219254e-07,7.124557018280029,2069.0,639.9335284061112,,,,
61,3,10,9,1,False,50,False,False,True,7.102766993961353e-05,4.969706058502197,1.0,639.9772370175697,0.3018600940704345,1.307976007461548,669.0920289374126,656.3432365254878
62,3,10,19,1,False,50,False,True,False,7.428157635396421e-07,12.17680311203003,384.0,840.2926590730715,,,,
63,3,10,19,1,False,50,False,True,True,1.7522001252561026e-06,13.94683289527893,733.0,840.2926441194543,0.9851021766662598,2.2315750122070312,869.304985076901,978.195143228208
64,3,10,1,1,False,0,False,False,False,2.3376765356710792e-05,2.9076790809631348,1032.0,298.0391907464265,,,,
65,3,10,1,1,False,0,False,False,True,3.10879350334994e-05,2.948745012283325,1277.0,298.03822858255137,0.0051100254058837,0.0069689750671386,327.19015757131046,327.19015757131046
66,3,10,3,1,False,0,False,False,False,6.547727255195087e-05,15.655154943466188,8600.0,298.0385476934222,,,,
67,3,10,3,1,False,0,False,False,True,3.604947684288717e-06,19.63148093223572,16131.0,298.0384789639792,0.1055290699005127,0.0331850051879882,327.19015757131046,327.19015757131046
68,3,10,9,1,False,0,False,False,False,1.1489266234054184e-05,23.61270022392273,5321.0,306.6753527175999,,,,
69,3,10,9,1,False,0,False,False,True,2.6557544070534647e-06,24.12664604187012,3675.0,306.67281512211423,0.3285541534423828,1.6659941673278809,335.9620058675746,340.1675898752679
70,3,10,19,1,False,0,False,True,False,9.519632961120492e-05,72.2525269985199,37202.0,331.7233109046846,,,,
71,3,10,19,1,False,0,False,True,True,0.0,127.25063300132751,36886.0,331.7234893164234,1.0065968036651611,2.2637200355529785,361.17496200706296,468.98132632813264
72,3,10,1,1,False,50,False,False,False,5.430977670439514e-05,2.714179039001465,893.0,548.0398486079799,,,,
73,3,10,1,1,False,50,False,False,True,9.377196045039636e-05,2.4514379501342773,457.0,548.0506992286255,0.0046560764312744,0.0068240165710449,577.1901575713105,577.1901575713105
74,3,10,3,1,False,50,False,False,False,2.0695454716293323e-05,10.86290192604065,1842.0,548.0478525312576,,,,
75,3,10,3,1,False,50,False,False,True,4.1132395085738815e-05,2.189967155456543,780.0,548.0599958933424,0.098956823348999,0.0332190990447998,577.1901575713105,577.1901575713105
76,3,10,9,1,False,50,False,False,False,7.102766993961353e-05,4.840275049209595,1.0,639.9772370175697,,,,
77,3,10,9,1,False,50,False,False,True,7.102766993961353e-05,5.002618074417114,1.0,639.9772370175697,0.3024308681488037,1.3084030151367188,669.0920289374126,656.3432365254878
78,3,10,19,1,False,50,False,True,False,7.428157635396421e-07,11.986767053604126,384.0,840.2926590730715,,,,
79,3,10,19,1,False,50,False,True,True,1.7522001252561026e-06,13.666551113128662,733.0,840.2926441194543,0.9762132167816162,2.214879035949707,869.304985076901,978.195143228208
80,3,10,1,2,False,0,False,False,False,4.032394464869651e-06,1.588325023651123,1.0,174.8201090410479,,,,
81,3,10,1,2,False,0,False,False,True,6.049594368588892e-06,1.2045531272888184,38.0,174.82017748246358,0.0173490047454834,0.0068259239196777,200.28063686618628,200.28063686618628
82,3,10,3,2,False,0,False,False,False,5.603074136466326e-05,18.88499879837036,8994.0,178.3284201655062,,,,
83,3,10,3,2,False,0,False,False,True,2.417856989024296e-05,13.89562702178955,8285.0,178.32829845732772,0.0987341403961181,6.24413800239563,203.74227966153995,183.03545248027712
84,3,10,9,2,False,0,False,False,False,4.843592285461343e-05,69.54779481887817,9856.0,184.6343493658836,,,,
85,3,10,9,2,False,0,False,False,True,2.172183245688156e-06,50.31118202209473,14083.0,184.62891163267275,0.2964339256286621,3.5539801120758057,211.84879789382003,193.1420515743651
86,3,10,19,2,False,0,False,True,False,0.0,76.8332588672638,3850.0,251.64257644072927,,,,
87,3,10,19,2,False,0,False,True,True,7.216122809245943e-06,32.738476037979126,2776.0,251.6427092063257,0.8514499664306641,0.402764081954956,299.0616873583083,299.0616873583083
88,3,10,1,2,False,50,False,False,False,6.16218851284608e-05,1.0635180473327637,1.0,424.8324907409751,,,,
89,3,10,1,2,False,50,False,False,True,2.073351068885677e-06,1.323408126831055,33.0,424.8201676726373,0.0057828426361083,0.0072131156921386,450.2806368661863,450.2806368661863
90,3,10,3,2,False,50,False,False,False,5.87670392114373e-05,66.39788603782654,58108.0,455.1886324225845,,,,
91,3,10,3,2,False,50,False,False,True,0.0001590952346553,3600.0177569389343,2779849.0,455.1886326716469,0.0977709293365478,9.233052968978882,478.74227966154,121928.76087743648
92,3,10,9,2,False,50,False,False,False,0.0001413024739351,3600.036078929901,2838612.0,486.489231805164,,,,
93,3,10,9,2,False,50,False,False,True,0.0001799198308724,3600.04679107666,1467288.0,486.4892240127453,0.3510570526123047,11.673274040222168,511.84879789382,486.68773351171535
94,3,10,19,2,False,50,False,True,False,2.6010075664109493e-06,15.19181990623474,1031.0,753.1572534524012,,,,
95,3,10,19,2,False,50,False,True,True,3.642617320550526e-07,18.585461139678955,1188.0,753.1572738691251,0.8227260112762451,0.369077205657959,799.0616873583083,799.0616873583083
96,3,20,4,1,True,0,False,False,False,9.456097021173444e-05,161.08309888839722,11667.0,739.811585044898,,,,
97,3,20,4,1,True,0,False,False,True,9.456097021173444e-05,160.22666692733765,11667.0,739.811585044898,0.1019511222839355,33.544662952423096,756.6318230988522,1323.840305466577
98,3,20,8,1,True,0,False,False,False,0.0074929264773176,3600.129408121109,526783.0,755.0238158912891,,,,
99,3,20,8,1,True,0,False,False,True,0.0074888508448456,3600.073706150055,527453.0,755.0238158912891,0.1340930461883545,1.4958670139312744,771.829301609462,1380.8368011228904
100,3,20,20,1,True,0,False,False,False,0.0077460278533438,3600.1638839244843,405739.0,760.2266037152157,,,,
101,3,20,20,1,True,0,False,False,True,0.0050642041837589,3600.18785905838,403570.0,760.4318174957066,0.1672759056091308,0.3051779270172119,777.3169112385665,819.9388204711945
102,3,20,40,1,True,0,False,True,False,0.0075113280024235,3600.706937789917,919351.0,773.4009693245365,,,,
103,3,20,40,1,True,0,False,True,True,0.0074873802568304,3600.2252728939056,749467.0,773.4010073951943,0.5373070240020752,0.6561520099639893,792.2316692038347,850.8403172484734
104,3,20,4,1,True,50,False,False,False,5.605219517073428e-05,186.287045955658,65469.0,1305.1856954506577,,,,
105,3,20,4,1,True,50,False,False,True,1.5396279002264817e-05,77.52275085449219,2085.0,1305.131690942746,0.1633810997009277,29.87611389160156,1324.825922594248,1415.4741593893766
106,3,20,8,1,True,50,False,False,False,1.2455571669872083e-05,455.2228329181671,93906.0,1510.1005016531635,,,,
107,3,20,8,1,True,50,False,False,True,5.198062197281762e-05,1153.0287029743197,212684.0,1510.178948482665,0.1132581233978271,117.41050505638124,1527.6475139229165,2574.086337765136
108,3,20,20,1,True,50,False,False,False,0.0016461706565114,3600.132618188858,485805.0,1621.8084765535314,,,,
109,3,20,20,1,True,50,False,False,True,9.348739278614724e-05,2629.1444528102875,373378.0,1621.281214472519,0.1746079921722412,0.303502082824707,1638.7517127649644,1690.170417717124
110,3,20,40,1,True,50,False,True,False,0.0011501712783228,3600.2530419826508,828019.0,1873.6845757477088,,,,
111,3,20,40,1,True,50,False,True,True,0.0013279523160694,3600.2396709918976,886428.0,1873.6845687829973,0.4233510494232178,0.619879961013794,1890.9697075467257,2179.959727395297
112,3,20,4,2,True,0,False,False,False,7.335388542625892e-05,1144.1892881393433,234773.0,453.6565712269941,,,,
113,3,20,4,2,True,0,False,False,True,2.9683150805294105e-08,581.2765679359436,159420.0,453.65572754529217,0.8391430377960205,0.0667340755462646,470.894583677889,470.8945836778888
114,3,20,8,2,True,0,False,False,False,0.0021258481573405,3600.1477270126343,454061.0,464.1107339531305,,,,
115,3,20,8,2,True,0,False,False,True,0.0020951223165075,3600.1668870449066,454709.0,464.1107339531305,0.941826105117798,1.3736600875854492,481.788168203183,1376.1684226971456
116,3,20,20,2,True,0,False,False,False,0.0056346975769638,3600.1871428489685,377592.0,472.2945106055581,,,,
117,3,20,20,2,True,0,False,False,True,0.0056513013609238,3600.134288072586,377155.0,472.2945106055581,0.7740309238433838,601.3324630260468,489.6694781461461,486.12700226458617
118,3,20,40,2,True,0,False,True,False,0.0129534349751957,3600.354712963104,587301.0,492.08494181990034,,,,
119,3,20,40,2,True,0,False,True,True,0.0100407859807943,3600.36936378479,901668.0,492.0850655512989,1.5091378688812256,11.182260990142822,510.8224249121949,34332788.22583864
120,3,20,4,2,True,50,False,False,False,3.5266021682341903e-06,175.68139791488647,48467.0,974.3850233472656,,,,
121,3,20,4,2,True,50,False,False,True,2.354964925250052e-06,91.4155797958374,39701.0,974.385041507802,0.9705979824066162,0.0639188289642334,991.2814079534432,991.281407953443
122,3,20,8,2,True,50,False,False,False,1.2323899020219602e-08,1151.002541065216,216479.0,1071.6555617136578,,,,
123,3,20,8,2,True,50,False,False,True,2.959523111697185e-06,314.2734761238098,85923.0,1071.6574429909103,0.7437019348144531,0.1104540824890136,1088.405029005391,1114.5945468908303
124,3,20,20,2,True,50,False,False,False,1.893889172190396e-06,1705.2273271083832,253098.0,1182.561887467351,,,,
125,3,20,20,2,True,50,False,False,True,7.928874849328508e-05,3304.2196550369263,451494.0,1182.5651927855772,0.890064001083374,0.2850351333618164,1199.5078941260858,1225.697412011525
126,3,20,40,2,True,50,False,True,False,0.0029352631475098,3600.4409849643707,631052.0,1540.2440150929976,,,,
127,3,20,40,2,True,50,False,True,True,0.0029641506935428,3600.249634027481,600688.0,1540.244030463824,2.053593158721924,9.564017057418823,1558.5818575245582,2028.342378239544
128,3,20,4,5,True,0,False,False,False,5.916273165423574e-06,273.1842448711395,98858.0,189.9098817215044,,,,
129,3,20,4,5,True,0,False,False,True,9.71711079221022e-05,197.9604959487915,85365.0,189.92386894890063,1.027545928955078,0.0687448978424072,206.18267952588164,206.1826795258816
130,3,20,8,5,True,0,False,False,False,2.65150553742482e-07,1024.7173309326172,261088.0,199.6310617399804,,,,
131,3,20,8,5,True,0,False,False,True,5.3404501685516615e-05,163.33137202262878,61446.0,199.632988787518,0.8728599548339844,0.1036760807037353,216.995716030206,216.995716030206
132,3,20,20,5,True,0,False,False,False,9.631519914590795e-06,1645.0959029197693,244777.0,217.19616036665263,,,,
133,3,20,20,5,True,0,False,False,True,4.726618761628806e-05,2260.460016965866,314608.0,217.1942726200453,0.9205749034881592,0.2849788665771484,234.1976555537992,234.1976555537992
134,3,20,40,5,True,0,False,True,False,9.991791948184308e-05,1752.223657131195,643222.0,327.66267395690875,,,,
135,3,20,40,5,True,0,False,True,True,4.832668549294217e-05,941.587474822998,261786.0,327.6626596309996,1.4664149284362793,0.6275749206542969,350.52714555122543,386.82905958097535
136,3,20,4,5,True,50,False,False,False,2.312108954491857e-06,49.179787158966064,3354.0,702.0894889247741,,,,
137,3,20,4,5,True,50,False,False,True,7.510870286379864e-05,90.27541613578796,45677.0,702.0890250510573,0.6087551116943359,0.0637509822845459,719.0519638108831,719.0519638108831
138,3,20,8,5,True,50,False,False,False,9.558283733751304e-05,271.8229730129242,76636.0,736.8120496612576,,,,
139,3,20,8,5,True,50,False,False,True,2.644266214169114e-06,81.59105682373047,41310.0,736.8102216522766,0.62652587890625,0.1037929058074951,754.8650003152075,754.8650003152075
140,3,20,20,5,True,50,False,False,False,8.629233990777544e-05,918.0048208236694,242214.0,838.6619906211668,,,,
141,3,20,20,5,True,50,False,False,True,9.07090904455066e-05,893.7307438850403,291125.0,838.6619936856782,0.6060731410980225,0.2560560703277588,856.2359747156945,856.2359747156945
142,3,20,40,5,True,50,False,True,False,9.99805729087044e-05,763.9904119968414,315817.0,1327.6628144465046,,,,
143,3,20,40,5,True,50,False,True,True,9.566604520632652e-05,651.397360086441,261973.0,1327.6627427710728,1.1791248321533203,0.6245272159576416,1350.5271455512254,1550.6761037170756
144,3,20,4,1,False,0,False,False,False,3.987397422504301e-07,154.99992108345032,22316.0,739.7453478424275,,,,
145,3,20,4,1,False,0,False,False,True,7.896365020748808e-07,98.6714768409729,30887.0,739.7453458802094,0.642920970916748,29.260417938232425,756.6318230988522,852.2164667783798
146,3,20,8,1,False,0,False,False,False,9.35067385562118e-05,473.5309791564941,123425.0,754.9720002549136,,,,
147,3,20,8,1,False,0,False,False,True,2.02429044513406e-05,460.6803109645844,115807.0,754.9416527156562,1.3096590042114258,9.222543001174929,771.8293016094622,812.7020024707597
148,3,20,20,1,False,0,False,False,False,0.4433046678084758,3600.4169631004333,121853.0,1353.681144609493,,,,
149,3,20,20,1,False,0,False,False,True,0.0030945342925767,3600.3674108982086,516446.0,760.2530053990624,4.3122429847717285,1.7662100791931152,777.3169112385665,777.3169112385665
150,3,20,40,1,False,0,False,True,False,0.0018530927827884,3601.1039249897003,1979008.0,773.4008121925938,,,,
151,3,20,40,1,False,0,False,True,True,0.0026247043734633,3601.4738800525665,729547.0,773.400898517754,14.172847986221312,6.541831016540527,792.2316692038347,792.2316692038346
152,3,20,4,1,False,50,False,False,False,9.7864367745407e-07,216.42401099205017,72213.0,1305.113730398759,,,,
153,3,20,4,1,False,50,False,False,True,1.7271244860019713e-06,34.078656911849976,6548.0,1305.1140297540228,0.6476490497589111,13.462826013565063,1324.825922594248,1308.485663285776
154,3,20,8,1,False,50,False,False,False,7.269718805446231e-05,81.64807200431824,10911.0,1510.1923246788892,,,,
155,3,20,8,1,False,50,False,False,True,1.494645124548655e-07,300.83631896972656,47682.0,1510.1006674247526,1.3075339794158936,6.891422986984253,1527.6475139229165,1817.1834095937725
156,3,20,20,1,False,50,False,False,False,9.464653031009173e-05,646.5148508548737,116789.0,1621.2812582859228,,,,
157,3,20,20,1,False,50,False,False,True,9.307694788841594e-05,322.98397517204285,77988.0,1621.2812978995798,3.953805923461914,1.803955078125,1638.7517127649646,1638.7517127649644
158,3,20,40,1,False,50,False,True,False,0.0005064328179545,3601.296010017395,302391.0,1873.684577287941,,,,
159,3,20,40,1,False,50,False,True,True,0.0007468836027385,3601.225862979889,288496.0,1873.684580432693,13.944287061691284,6.522868871688843,1890.9697075467257,1890.9697075467257
160,3,20,4,2,False,0,False,False,False,9.405272572198264e-05,38.8795440196991,4848.0,453.6780316366022,,,,
161,3,20,4,2,False,0,False,False,True,4.279736576930645e-06,56.99846792221069,10175.0,453.6560600978354,0.6319050788879395,0.2043559551239013,470.894583677889,470.8945836778889
162,3,20,8,2,False,0,False,False,False,1.1918485028118268e-06,295.23154616355896,65967.0,464.1107741683278,,,,
163,3,20,8,2,False,0,False,False,True,6.37774837364641e-07,181.2404208183289,15653.0,464.1108426832725,1.2558751106262207,78.67831492424011,481.78816820318286,589.0632560753411
164,3,20,20,2,False,0,False,False,False,0.0053387621696224,3600.396304130554,171363.0,472.2567349726871,,,,
165,3,20,20,2,False,0,False,False,True,0.0039679228038132,3600.4451479911804,176188.0,472.2567349726871,3.861066102981568,294.2411780357361,489.6694781461461,5047152.003689536
166,3,20,40,2,False,0,False,True,False,0.0037572560617582,3601.105894088745,2237446.0,492.0846780237656,,,,
167,3,20,40,2,False,0,False,True,True,0.0039094093914639,3601.536134958267,2087207.0,492.0850550993784,13.712172985076904,29.96334409713745,510.8224249121948,514.6110412441283
168,3,20,4,2,False,50,False,False,False,3.2012813915203693e-07,56.645182847976685,34182.0,974.385030383252,,,,
169,3,20,4,2,False,50,False,False,True,2.0870205363530264e-06,51.73601818084717,20324.0,974.385827496598,0.7271921634674072,0.2019381523132324,991.2814079534432,991.281407953443
170,3,20,8,2,False,50,False,False,False,1.5008760684127896e-05,153.99542999267578,40495.0,1071.655561090679,,,,
171,3,20,8,2,False,50,False,False,True,1.0494108351074828e-05,83.8725061416626,38739.0,1071.6556137262062,1.2751760482788086,0.516279935836792,1088.405029005391,1088.405029005391
172,3,20,20,2,False,50,False,False,False,3.41691628420255e-05,211.01196885108948,2150.0,1182.5988437098729,,,,
173,3,20,20,2,False,50,False,False,True,7.022993890400875e-05,54.43219304084778,2112.0,1182.5608338808215,3.815845012664795,1.7670960426330566,1199.5078941260858,1199.5078941260856
174,3,20,40,2,False,50,False,True,False,0.0009435639153841,3601.104322910309,3257803.0,1540.2439853116175,,,,
175,3,20,40,2,False,50,False,True,True,0.0006133529349032,3601.098963022232,2875480.0,1540.2439328179862,13.853580951690674,35.96027708053589,1558.5818575245585,1563.5758293710471
176,3,20,4,5,False,0,False,False,False,6.534779387214849e-06,55.50959396362305,2124.0,189.9102598792947,,,,
177,3,20,4,5,False,0,False,False,True,1.5418007550061268e-05,32.77531599998474,5577.0,189.91067892504577,0.6494860649108887,0.2027618885040283,206.18267952588164,206.1826795258816
178,3,20,8,5,False,0,False,False,False,5.664020063163361e-05,188.51477599143985,40318.0,199.63102428435008,,,,
179,3,20,8,5,False,0,False,False,True,7.867038209199622e-05,348.44397497177124,111843.0,199.6466946628262,1.2798080444335938,0.5171890258789062,216.99571603020595,216.99571603020595
180,3,20,20,5,False,0,False,False,False,8.557385818445758e-05,223.4998290538788,36047.0,217.1943501591612,,,,
181,3,20,20,5,False,0,False,False,True,9.097113755787402e-05,1022.4266829490662,234643.0,217.19430817042715,3.884268045425415,1.862027883529663,234.1976555537992,234.1976555537992
182,3,20,40,5,False,0,False,True,False,1.7467211223545904e-05,879.1322259902954,203711.0,327.66280920934594,,,,
183,3,20,40,5,False,0,False,True,True,6.651043774166305e-05,1933.9083170890808,185330.0,327.66284047369817,13.987062931060793,6.5744030475616455,350.5271455512254,350.5271455512253
184,3,20,4,5,False,50,False,False,False,1.0532106477130132e-05,9.37707495689392,1807.0,702.0937791059657,,,,
185,3,20,4,5,False,50,False,False,True,1.847711561157877e-05,6.964195013046265,1.0,702.0972765090794,0.6304609775543213,0.2034881114959716,719.0519638108831,719.0519638108831
186,3,20,8,5,False,50,False,False,False,8.994628966061434e-05,41.33267498016357,2036.0,736.8531493398034,,,,
187,3,20,8,5,False,50,False,False,True,2.7024078591922345e-06,132.02956700325012,68376.0,736.8101787793146,1.500356912612915,0.6348371505737305,754.8650003152075,754.8650003152075
188,3,20,20,5,False,50,False,False,False,8.36375420356221e-05,3254.420979976654,438380.0,838.6619941123613,,,,
189,3,20,20,5,False,50,False,False,True,0.0002255172444655,3600.3959810733795,753818.0,838.6620000161234,3.949359178543091,1.8469810485839844,856.2359747156945,856.2359747156945
190,3,20,40,5,False,50,False,True,False,8.190308762225267e-05,1540.224134206772,284445.0,1327.6628345858437,,,,
191,3,20,40,5,False,50,False,True,True,9.974667479717486e-05,290.2136070728302,60707.0,1327.662837556222,13.601122856140137,6.387341022491455,1350.5271455512254,1350.5271455512252
192,3,30,6,1,True,0,False,False,False,0.001965978757239,3600.3895349502563,293330.0,1062.258931210902,,,,
193,3,30,6,1,True,0,False,False,True,3.145621386027562e-05,2262.207544088364,203330.0,1062.2882690864274,0.3061439990997314,0.2175161838531494,1083.8392296184595,1152.8068046681135
194,3,30,12,1,True,0,False,False,False,0.0267459954670819,3600.2913839817047,176885.0,1084.4468516906318,,,,
195,3,30,12,1,True,0,False,False,True,0.0267381884682515,3600.215358018875,177186.0,1084.4468516906318,0.3241961002349853,1551.9055500030518,1103.119918904279,1084.4468516906318
196,3,30,30,1,True,0,False,False,False,,,,,,,,
197,3,30,30,1,True,0,False,False,True,,,,,0.4694521427154541,,1123.2282951532202,
198,3,30,60,1,True,0,False,True,False,0.0369829982240582,3600.55699801445,111726.0,1157.73918628911,,,,
199,3,30,60,1,True,0,False,True,True,0.0374056739003283,3600.560760974884,123685.0,1157.739033562826,0.8418478965759277,8.978811979293823,1182.8146623699513,3383.832370266871
200,3,30,6,1,True,50,False,False,False,3.060090840384489e-05,1296.549716949463,137419.0,1937.2553290346125,,,,
201,3,30,6,1,True,50,False,False,True,2.3965925980365656e-05,1276.199362039566,204091.0,1937.257330220306,0.2769150733947754,0.2207648754119873,1958.83922961846,2096.39385524755
202,3,30,12,1,True,50,False,False,False,8.624393357106959e-05,3158.4145488739014,284120.0,2017.8064245012013,,,,
203,3,30,12,1,True,50,False,False,True,8.624393357106959e-05,3154.874155044556,284120.0,2017.8064245012013,0.2703840732574463,1549.1544489860537,2006.6896040755687,2045.65872765412
204,3,30,30,1,True,50,False,False,False,,,,,,,,
205,3,30,30,1,True,50,False,False,True,,,,,0.4417409896850586,,2239.874629476566,
206,3,30,60,1,True,50,False,True,False,0.0155617016132803,3600.605859041214,176034.0,2784.543191435577,,,,
207,3,30,60,1,True,50,False,True,True,0.0136008951920374,3600.708765983581,185608.0,2784.54315516351,0.8227028846740723,8.793831825256348,2807.201638821689,6137.870273418714
208,3,30,6,3,True,0,False,False,False,0.1735913623960424,3600.1468510627747,254611.0,670.166782914584,,,,
209,3,30,6,3,True,0,False,False,True,4.312797716230889e-06,3157.4990198612213,271063.0,617.8785414679849,4.896958112716675,0.2085809707641601,637.6791516789058,637.6791516789058
210,3,30,12,3,True,0,False,False,False,0.0437196011888598,3600.161504030228,183097.0,623.5423523930357,,,,
211,3,30,12,3,True,0,False,False,True,0.0021113132687646,3600.1584668159485,284420.0,622.4467884223677,5.9893958568573,0.3259940147399902,641.1641691264671,641.164169126467
212,3,30,30,3,True,0,False,False,False,,,,,,,,
213,3,30,30,3,True,0,False,False,True,,,,,9.217483043670654,,648.8126432845671,
214,3,30,60,3,True,0,False,True,False,0.010923896374055,3600.5443210601807,164376.0,675.0322790425464,,,,
215,3,30,60,3,True,0,False,True,True,0.0064777550948494,3600.622220039368,199581.0,675.0323961871699,14.575072050094604,10.205689907073976,698.3992067998729,6967.080816915189
216,3,30,6,3,True,50,False,False,False,6.965343123398926e-05,831.9385640621185,54913.0,1410.5486749975328,,,,
217,3,30,6,3,True,50,False,False,True,4.030209728691766e-05,1354.3414180278778,131175.0,1410.5947106455635,4.548151969909668,35.31689095497131,1431.750438941292,6176.310322399249
218,3,30,12,3,True,50,False,False,False,0.0515876393377136,3600.139039039612,340950.0,1558.5439182719358,,,,
219,3,30,12,3,True,50,False,False,True,0.051945831929004,3600.1475069522858,337839.0,1558.5439182719358,5.318114995956421,1588.2087879180908,1509.8703597063072,1558.5439182719356
220,3,30,30,3,True,50,False,False,False,,,,,,,,
221,3,30,30,3,True,50,False,False,True,,,,,5.81676197052002,,1556.0300503565234,
222,3,30,60,3,True,50,False,True,False,0.0670792469350277,3600.063767194748,15468.0,2234.859349938749,,,,
223,3,30,60,3,True,50,False,True,True,0.0025876671012138,3600.5681250095367,99536.0,2225.054958765244,304.8358459472656,1.5527849197387695,2249.508609121229,2520.1724943743047
224,3,30,6,7,True,0,False,False,False,4.662068763845367e-06,1937.2239000797272,259735.0,310.6797779799326,,,,
225,3,30,6,7,True,0,False,False,True,1.6756722373490103e-05,515.5568461418152,78132.0,310.68206905296347,1.3329930305480957,0.1997160911560058,327.12934788936207,327.12934788936195
226,3,30,12,7,True,0,False,False,False,0.0480244906555099,3600.246508836746,312741.0,319.25878693634354,,,,
227,3,30,12,7,True,0,False,False,True,0.0467261283646815,3600.178883075714,265666.0,324.5795152841065,2.995234966278076,0.3362970352172851,329.3108417835907,329.31084178359066
228,3,30,30,7,True,0,False,False,False,,,,,,,,
229,3,30,30,7,True,0,False,False,True,0.0226640501787799,3600.366357088089,161112.0,318.7183020644805,8.63158106803894,0.9310851097106934,333.57413067106813,333.5741306710681
230,3,30,60,7,True,0,False,True,False,0.0082997161008069,3600.6913521289825,192787.0,437.2253391349233,,,,
231,3,30,60,7,True,0,False,True,True,0.0086087097795379,3600.543933868408,274240.0,437.1611276513245,18.57712697982788,47.90232491493225,465.1294495796878,135936417.70311636
232,3,30,6,7,True,50,False,False,False,3.705214089612735e-07,1044.5440697669983,169743.0,1060.678532597947,,,,
233,3,30,6,7,True,50,False,False,True,3.718325153599453e-06,1113.7658269405365,199980.0,1060.6784530027642,1.5633039474487305,0.2036738395690918,1077.1293478893622,1077.129347889362
234,3,30,12,7,True,50,False,False,False,0.000132935463308,3600.131669998169,661655.0,1085.9721878385308,,,,
235,3,30,12,7,True,50,False,False,True,9.910387556544864e-05,1607.5165450572968,295850.0,1085.9117919349642,1.7482349872589111,977.2107729911804,1102.2279950876614,1086.0097912215908
236,3,30,30,7,True,50,False,False,False,5.3728984888244776e-05,3008.496798992157,288546.0,1131.4703265231228,,,,
237,3,30,30,7,True,50,False,False,True,7.136394125236362e-05,3133.105264186859,261587.0,1131.476363675412,4.212097883224487,2777.8271791934967,1149.8803688223277,1131.684204975416
238,3,30,60,7,True,50,False,True,False,0.0002508067848553,3600.570980072021,186855.0,1938.271700814174,,,,
239,3,30,60,7,True,50,False,True,True,0.0002472531608121,3600.5775780677795,188680.0,1938.271700814174,38.02096700668335,36.17252707481384,1965.129449579688,137217467.7031164
240,3,30,6,1,False,0,False,False,False,8.585996010644101e-05,1646.5337018966677,173389.0,1062.255376104178,,,,
241,3,30,6,1,False,0,False,False,True,7.384339385501863e-08,1119.4375731945038,155096.0,1062.2553312535697,2.1810710430145264,0.7754662036895752,1083.8392296184595,1083.8392296184595
242,3,30,12,1,False,0,False,False,False,0.1352540163614609,3600.495840787888,117299.0,1218.9376913428675,,,,
243,3,30,12,1,False,0,False,False,True,0.1352540163614609,3600.727168083191,114798.0,1218.9376913428675,5.183868885040283,2738.693398952484,1103.119918904279,1218.9376913428675
244,3,30,30,1,False,0,False,False,False,,,,,,,,
245,3,30,30,1,False,0,False,False,True,,,,,22.54549121856689,,1123.2282951532202,
246,3,30,60,1,False,0,False,True,False,0.0336369177194993,3601.8518679142,1278.0,1158.893539278124,,,,
247,3,30,60,1,False,0,False,True,True,0.0336369177194993,3601.536854982376,1311.0,1158.893539278124,57.41417717933655,141.35575103759766,1182.8146623699513,1193.7479076960124
248,3,30,6,1,False,50,False,False,False,8.777552768646866e-05,2051.216861963272,198881.0,1937.425339694066,,,,
249,3,30,6,1,False,50,False,False,True,1.5469606852619754e-06,324.8136820793152,72699.0,1937.255312079025,2.28188419342041,0.8002359867095947,1958.83922961846,1958.8392296184595
250,3,30,12,1,False,50,False,False,False,7.602916394932859e-05,2719.274142980576,138389.0,2017.772862216382,,,,
251,3,30,12,1,False,50,False,False,True,9.35308692024345e-05,2817.9092121124268,150944.0,2017.7955988699148,5.045800924301148,1921.0963230133057,2006.6896040755696,2043.732498952821
252,3,30,30,1,False,50,False,False,False,,,,,,,,
253,3,30,30,1,False,50,False,False,True,,,,,20.475311040878296,,2239.874629476566,
254,3,30,60,1,False,50,False,True,False,0.0032664878401191,3604.018826007843,429826.0,2784.543085175467,,,,
255,3,30,60,1,False,50,False,True,True,0.0032702518166336,3604.0072078704834,427271.0,2784.543085175467,56.34142303466797,133.29385805130005,2807.201638821689,2828.892063164038
256,3,30,6,3,False,0,False,False,False,3.756745938562469e-07,607.9951269626617,43610.0,617.8784971658007,,,,
257,3,30,6,3,False,0,False,False,True,1.4721739375625426e-06,884.7327060699463,101786.0,617.8791077156357,2.0802180767059326,0.7779221534729004,637.6791516789059,637.6791516789058
258,3,30,12,3,False,0,False,False,False,0.0156430521697211,3600.502017974853,129542.0,625.2885767397752,,,,
259,3,30,12,3,False,0,False,False,True,0.0293672402541584,3600.4203481674194,192084.0,637.7710234510178,5.223061800003052,2.1049790382385254,641.1641691264671,641.164169126467
260,3,30,30,3,False,0,False,False,False,,,,,,,,
261,3,30,30,3,False,0,False,False,True,,,,,20.658118963241577,,648.8126432845671,
262,3,30,60,3,False,0,False,True,False,0.0033497877801251,3604.262382030487,162803.0,675.0324058896822,,,,
263,3,30,60,3,False,0,False,True,True,0.0034963035249505,3604.0965530872345,312528.0,675.0323535088111,58.40995001792908,172.059583902359,698.3992067998729,699.359512420174
264,3,30,6,3,False,50,False,False,False,2.206436530254153e-06,449.68743205070496,49861.0,1410.5489460023691,,,,
265,3,30,6,3,False,50,False,False,True,2.122724829527724e-06,304.7959439754486,43332.0,1410.5486599548274,2.122802972793579,78.01127004623413,1431.750438941292,1630.8304266923485
266,3,30,12,3,False,50,False,False,False,7.415448977307087e-06,2903.358983039856,126411.0,1484.695848497655,,,,
267,3,30,12,3,False,50,False,False,True,7.415448977307087e-06,2903.753710985184,126411.0,1484.695848497655,5.061898946762085,2632.866172075272,1509.8703597063072,1484.875931705908
268,3,30,30,3,False,50,False,False,False,,,,,,,,
269,3,30,30,3,False,50,False,False,True,,,,,20.03739809989929,,1556.0300503565231,
270,3,30,60,3,False,50,False,True,False,0.0001493625151112,3604.564337015152,86351.0,2225.05492134487,,,,
271,3,30,60,3,False,50,False,True,True,9.583804162114896e-05,3092.268576860428,98187.0,2225.0549751267463,59.46263194084168,27.56158995628357,2249.508609121229,2249.5086091212283
272,3,30,6,7,False,0,False,False,False,8.829782105375564e-05,3392.923243045807,363354.0,310.67897607604675,,,,
273,3,30,6,7,False,0,False,False,True,0.0031236388018016,3600.1890919208527,414033.0,311.6517240302764,2.1264519691467285,0.7830250263214111,327.12934788936207,327.129347889362
274,3,30,12,7,False,0,False,False,False,9.88296860195963e-05,3304.823038816452,205922.0,312.6072629731891,,,,
275,3,30,12,7,False,0,False,False,True,9.46798816088132e-05,1045.3695240020752,41889.0,312.5898599877846,5.01082181930542,2.1085000038146973,329.3108417835907,329.3108417835907
276,3,30,30,7,False,0,False,False,False,,,,,,,,
277,3,30,30,7,False,0,False,False,True,,,,,19.98837900161743,,333.57413067106813,
278,3,30,60,7,False,0,False,True,False,0.0020527033061864,3604.257405996322,81873.0,437.161019596013,,,,
279,3,30,60,7,False,0,False,True,True,0.001959509889209,3604.1028180122375,84303.0,437.161019596013,59.27772808074951,162.28365087509155,465.1294495796877,472.0558159383226
280,3,30,6,7,False,50,False,False,False,3.039590668140791e-05,470.75403785705566,45687.0,1060.6790324498163,,,,
281,3,30,6,7,False,50,False,False,True,1.0148362429166494e-05,456.96409487724304,140616.0,1060.679371314557,2.0683748722076416,0.7735989093780518,1077.1293478893622,1077.1293478893622
282,3,30,12,7,False,50,False,False,False,9.91961377446686e-05,2800.611725091934,228418.0,1085.89651102105,,,,
283,3,30,12,7,False,50,False,False,True,9.91961377446686e-05,2740.199373960495,228418.0,1085.89651102105,5.294941186904907,2056.2174949646,1102.2279950876614,1086.2949440207274
284,3,30,30,7,False,50,False,False,False,,,,,,,,
285,3,30,30,7,False,50,False,False,True,,,,,20.529741048812863,,1149.8803688223277,
286,3,30,60,7,False,50,False,True,False,9.985986023943238e-05,1578.3455867767334,194639.0,1938.2716920622408,,,,
287,3,30,60,7,False,50,False,True,True,9.985986023943238e-05,1596.5700628757477,194639.0,1938.2716920622408,56.24218511581421,129.61098980903623,1965.129449579688,1939.6369586537733
288,3,50,8,1,True,0,False,False,False,,,,,,,,
289,3,50,8,1,True,0,False,False,True,0.0397129341951211,3600.353970050812,59765.0,1952.216825145449,1.2994511127471924,0.9018759727478028,1938.93820213139,2162.5466430352426
290,3,50,17,1,True,0,False,False,False,,,,,,,,
291,3,50,17,1,True,0,False,False,True,,,,,13.542547941207886,,1949.3226327615605,
292,3,50,43,1,True,0,False,False,False,,,,,,,,
293,3,50,43,1,True,0,False,False,True,0.3744645224166783,3600.1902000904083,29026.0,1999.0901759709443,2.640242099761963,3.043928861618042,1994.5422006602653,2212.9317892204
294,3,50,87,1,True,0,False,True,False,0.1046256033180243,3601.5452139377594,84856.0,2160.4553718347115,,,,
295,3,50,87,1,True,0,False,True,True,0.1046256033180243,3601.458442926407,82250.0,2160.4553718347115,3.254503965377808,272.03720808029175,2036.415051107218,756181932.5920465
296,3,50,8,1,True,50,False,False,False,0.3584398351359589,3600.116069078445,20105.0,5120.526391691527,,,,
297,3,50,8,1,True,50,False,False,True,0.0008239844790841,3600.321238040924,94119.0,3361.333080305476,1.4003520011901855,0.9153249263763428,3393.1334166607194,3463.927042614984
298,3,50,17,1,True,50,False,False,False,,,,,,,,
299,3,50,17,1,True,50,False,False,True,,,,,13.443870067596436,,3694.913964520888,
300,3,50,43,1,True,50,False,False,False,,,,,,,,
301,3,50,43,1,True,50,False,False,True,,,,,1.9273879528045648,,3970.625142946383,
302,3,50,87,1,True,50,False,True,False,0.092008358512708,3600.489007949829,14857.0,5168.110015906713,,,,
303,3,50,87,1,True,50,False,True,True,0.061614145314818,3600.560366153717,16946.0,5000.754365088259,2.457575798034668,472.888209104538,4764.755100618604,741286726.993507
304,3,50,8,5,True,0,False,False,False,,,,,,,,
305,3,50,8,5,True,0,False,False,True,0.1413035689199406,3600.081415176392,12950.0,785.0302286638102,497.0772879123688,0.93523907661438,783.3177060100287,804.4529419542648
306,3,50,17,5,True,0,False,False,False,,,,,,,,
307,3,50,17,5,True,0,False,False,True,,,,,600.098140001297,,789.4396133567933,
308,3,50,43,5,True,0,False,False,False,,,,,,,,
309,3,50,43,5,True,0,False,False,True,,,,,600.1007800102234,,855.5265008868731,
310,3,50,87,5,True,0,False,True,False,0.4832493982914289,3600.2071509361267,2401.0,1249.77855632636,,,,
311,3,50,87,5,True,0,False,True,True,0.3478765704711651,3600.278342962265,4704.0,1004.9291100903956,600.0836658477783,3.953748941421509,1000.0680448205468,1338.7470546957973
312,3,50,8,5,True,50,False,False,False,,,,,,,,
313,3,50,8,5,True,50,False,False,True,0.0232765471278066,3600.037915945053,859.0,2061.478805372044,58.59653997421265,0.8584260940551758,2063.443004753828,2063.443004753827
314,3,50,17,5,True,50,False,False,False,,,,,,,,
315,3,50,17,5,True,50,False,False,True,,,,,55.36111092567444,,2113.953211841585,
316,3,50,43,5,True,50,False,False,False,,,,,,,,
317,3,50,43,5,True,50,False,False,True,,,,,84.65196394920349,,2304.065854954189,
318,3,50,87,5,True,50,False,True,False,0.1726286543740127,3600.1504769325256,778.0,3877.869686728272,,,,
319,3,50,87,5,True,50,False,True,True,0.1419473774886139,3600.172106027603,588.0,3739.17997998892,600.0336639881134,4.082844972610474,3626.9965411212224,4359.2176827343055
320,3,50,8,12,True,0,False,False,False,0.6232538403341603,3600.058930873871,3929.0,939.6855882025144,,,,
321,3,50,8,12,True,0,False,False,True,0.0814318829602523,3600.3340981006622,132590.0,390.36646007134686,22.11725091934204,0.9139721393585204,390.0095813031131,411.1448172473493
322,3,50,17,12,True,0,False,False,False,,,,,,,,
323,3,50,17,12,True,0,False,False,True,0.0858187274948419,3600.5072441101074,134426.0,397.1499095026164,26.00977110862732,1.3850140571594238,400.661710994506,421.7969469387423
324,3,50,43,12,True,0,False,False,False,,,,,,,,
325,3,50,43,12,True,0,False,False,True,,,,,63.50411605834961,,423.2311254420187,
326,3,50,87,12,True,0,False,True,False,0.1118793137818001,3600.2564780712128,25882.0,610.2612884643663,,,,
327,3,50,87,12,True,0,False,True,True,0.0407943497898873,3601.661458969116,35898.0,580.3060473720182,125.86912989616394,4.135473966598511,616.8740490292122,875.1017174275357
328,3,50,8,12,True,50,False,False,False,,,,,,,,
329,3,50,8,12,True,50,False,False,True,0.0070971648028495,3600.325101852417,224443.0,1636.5732787876136,13.679468870162964,0.8405289649963379,1657.0679459148532,1657.0679459148532
330,3,50,17,12,True,50,False,False,False,,,,,,,,
331,3,50,17,12,True,50,False,False,True,,,,,15.955641984939575,,1670.0572251754868,
332,3,50,43,12,True,50,False,False,False,,,,,,,,
333,3,50,43,12,True,50,False,False,True,,,,,28.861189126968384,,1752.5198690349496,
334,3,50,87,12,True,50,False,True,False,0.0822954760587751,3600.3585209846497,8016.0,3330.075848215088,,,,
335,3,50,87,12,True,50,False,True,True,0.0194740314542153,3601.423431158066,50107.0,3117.396522304072,148.4736499786377,4.252738952636719,3136.2725680669355,3758.334839430924
336,3,50,8,1,False,0,False,False,False,0.0287739055862001,3600.917355775833,32218.0,1930.3624389758425,,,,
337,3,50,8,1,False,0,False,False,True,0.0322117340036681,3600.1417632102966,30584.0,1935.5958527572343,11.51028609275818,4.554180145263672,1938.93820213139,1938.93820213139
338,3,50,17,1,False,0,False,False,False,,,,,,,,
339,3,50,17,1,False,0,False,False,True,,,,,32.463842153549194,,1949.3226327615605,
340,3,50,43,1,False,0,False,False,False,,,,,,,,
341,3,50,43,1,False,0,False,False,True,0.0378397333809155,3601.294981956482,1.0,1994.5422006602653,127.91817283630373,64.83342695236206,1994.5422006602653,1994.5422006602653
342,3,50,87,1,False,0,False,True,False,0.4022205069118308,3601.862246990204,1.0,2012.2147089922453,,,,
343,3,50,87,1,False,0,False,True,True,0.4022205069118308,3605.975147008896,1.0,2012.2147089922453,292.39176201820374,992.7950389385225,2036.415051107218,2048.6406615207643
344,3,50,8,1,False,50,False,False,False,0.0331581114678609,3600.9044728279114,36517.0,3471.643199300972,,,,
345,3,50,8,1,False,50,False,False,True,4.006545853438347e-07,2691.985305070877,106048.0,3360.9619387510984,11.426676988601685,4.622426986694336,3393.1334166607194,3393.1334166607194
346,3,50,17,1,False,50,False,False,False,,,,,,,,
347,3,50,17,1,False,50,False,False,True,,,,,32.76763296127319,,3694.913964520888,
348,3,50,43,1,False,50,False,False,False,,,,,,,,
349,3,50,43,1,False,50,False,False,True,,,,,126.92556095123292,,3970.625142946383,
350,3,50,87,1,False,50,False,True,False,0.1593184397937088,3615.631524085999,1.0,4739.57709432038,,,,
351,3,50,87,1,False,50,False,True,True,0.1593184397937088,3615.8305990695953,1.0,4739.57709432038,293.07106709480286,943.3508589267732,4764.755100618604,4936.038914387957
352,3,50,8,5,False,0,False,False,False,,,,,,,,
353,3,50,8,5,False,0,False,False,True,0.0505118415914571,3600.3195362091064,2187.0,779.6597372540198,12.104099035263062,8.626497983932495,783.3177060100287,783.3177060100286
354,3,50,17,5,False,0,False,False,False,,,,,,,,
355,3,50,17,5,False,0,False,False,True,,,,,31.07548403739929,,789.4396133567933,
356,3,50,43,5,False,0,False,False,False,,,,,,,,
357,3,50,43,5,False,0,False,False,True,,,,,120.9313988685608,,837.2843174995455,
358,3,50,87,5,False,0,False,True,False,0.4629660236330651,3615.226231813431,1.0,937.6715143537205,,,,
359,3,50,87,5,False,0,False,True,True,0.4583729521945712,3601.5054261684418,1.0,929.7199316757176,288.95863914489746,150.06328320503235,949.9906224112244,949.9906224112244
360,3,50,8,5,False,50,False,False,False,,,,,,,,
361,3,50,8,5,False,50,False,False,True,0.0111060481306914,3600.200860977173,2255.0,2058.8660502440416,10.52292013168335,4.431795120239258,2063.443004753828,2063.443004753827
362,3,50,17,5,False,50,False,False,False,,,,,,,,
363,3,50,17,5,False,50,False,False,True,,,,,31.14521789550781,,2113.953211841585,
364,3,50,43,5,False,50,False,False,False,,,,,,,,
365,3,50,43,5,False,50,False,False,True,,,,,120.89568495750429,,2304.065854954189,
366,3,50,87,5,False,50,False,True,False,0.1391610352781008,3602.008348941803,1.0,3496.1522878093574,,,,
367,3,50,87,5,False,50,False,True,True,0.1389964372555758,3602.6160838603973,1.0,3495.4839284924874,283.55338191986084,796.8574650287628,3526.7588399353604,3581.153716880729
368,3,50,8,12,False,0,False,False,False,0.1948469319524426,3600.382282018661,17551.0,449.9539714474882,,,,
369,3,50,8,12,False,0,False,False,True,0.0131063381525296,3600.8135318756104,80130.0,369.6654641282541,10.678163051605225,4.541371822357178,390.0095813031131,390.00958130311307
370,3,50,17,12,False,0,False,False,False,0.295220862609476,3600.197472095489,2016.0,513.9352274960733,,,,
371,3,50,17,12,False,0,False,False,True,0.08999049527781,3600.3269851207733,2071.0,399.6772899114052,31.097327947616577,14.481186151504517,400.66171099450605,400.661710994506
372,3,50,43,12,False,0,False,False,False,,,,,,,,
373,3,50,43,12,False,0,False,False,True,,,,,123.1421570777893,,423.23112544201865,
374,3,50,87,12,False,0,False,True,False,0.4571180265030609,3634.619253873825,1.0,583.9086364691655,,,,
375,3,50,87,12,False,0,False,True,True,0.455064860773377,3602.1219470500946,1.0,581.7086293208536,285.1171770095825,151.27807784080505,616.8740490292122,616.8740490292121
376,3,50,8,12,False,50,False,False,False,,,,,,,,
377,3,50,8,12,False,50,False,False,True,0.0146483953960052,3600.836468935013,251632.0,1653.707595229106,10.619554042816162,4.552306890487671,1657.0679459148532,1657.0679459148532
378,3,50,17,12,False,50,False,False,False,,,,,,,,
379,3,50,17,12,False,50,False,False,True,,,,,31.13062310218811,,1670.0572251754868,
380,3,50,43,12,False,50,False,False,False,,,,,,,,
381,3,50,43,12,False,50,False,False,True,,,,,122.90277194976808,,1752.5198690349494,
382,3,50,87,12,False,50,False,True,False,0.0072919335932501,3602.410462141037,1.0,3100.7143588190747,,,,
383,3,50,87,12,False,50,False,True,True,0.0075084740714181,3601.9255969524384,1.0,3101.3120684284954,280.5425510406494,150.0444040298462,3136.2725680669355,3136.2725680669355
384,3,70,11,1,True,0,False,False,False,,,,,,,,
385,3,70,11,1,True,0,False,False,True,,,,,34.25509190559387,,2591.403845330331,
386,3,70,23,1,True,0,False,False,False,,,,,,,,
387,3,70,23,1,True,0,False,False,True,,,,,43.9138720035553,,2632.7436173413494,
388,3,70,58,1,True,0,False,False,False,,,,,,,,
389,3,70,58,1,True,0,False,False,True,,,,,47.557637214660645,,2744.906587425451,
390,3,70,117,1,True,0,False,True,False,0.651151017662492,3600.5004329681396,2427.0,2891.441208245844,,,,
391,3,70,117,1,True,0,False,True,True,0.5891528303416721,3600.3349108695984,1700.0,2931.472763141359,68.81992697715759,36.202986001968384,2802.278895150567,9754.461121490654
392,3,70,11,1,True,50,False,False,False,,,,,,,,
393,3,70,11,1,True,50,False,False,True,0.0024885601928800643,3600.8059470653534,73872.0,4719.557716192286,34.68086504936218,1.8955590724945068,4722.963112681155,4965.054121580466
394,3,70,23,1,True,50,False,False,False,,,,,,,,
395,3,70,23,1,True,50,False,False,True,,,,,54.74170398712158,,5437.173978385245,
396,3,70,58,1,True,50,False,False,False,,,,,,,,
397,3,70,58,1,True,50,False,False,True,,,,,51.116326093673706,,6084.495918784538,
398,3,70,117,1,True,50,False,True,False,0.4024685103029767,3600.460608959198,2191.0,8259.618243361703,,,,
399,3,70,117,1,True,50,False,True,True,0.4024685103029767,3600.7338621616364,2190.0,8259.618243361703,78.0333800315857,836.8906710147858,7556.597208867451,1339828895.6919792
400,3,70,11,7,True,0,False,False,False,,,,,,,,
401,3,70,11,7,True,0,False,False,True,0.14290939217733262,3600.1529579162598,15238.0,950.9205572779608,600.0197689533234,1.8922219276428223,953.064301896592,987.5371390571188
402,3,70,23,7,True,0,False,False,False,,,,,,,,
403,3,70,23,7,True,0,False,False,True,,,,,600.0343880653381,,956.9377228972479,
404,3,70,58,7,True,0,False,False,False,,,,,,,,
405,3,70,58,7,True,0,False,False,True,,,,,600.0478148460388,,1018.972904914859,
406,3,70,117,7,True,0,False,True,False,0.4675144599880711,3600.4190878868103,704.0,1461.757486770971,,,,
407,3,70,117,7,True,0,False,True,True,0.33201831434427115,3600.3284878730774,7454.0,1139.6806110018758,600.1021671295166,6.095634937286377,1147.8069618459606,1284.346593736518
408,3,70,11,7,True,50,False,False,False,,,,,,,,
409,3,70,11,7,True,50,False,False,True,0.017513207085855444,3600.13685297966,10346.0,2761.2770416359554,600.0524411201477,1.7708570957183838,2765.804736410026,2765.8047364100257
410,3,70,23,7,True,50,False,False,False,,,,,,,,
411,3,70,23,7,True,50,False,False,True,0.011463226530388873,3601.0380280017853,150425.0,2793.389483816113,524.6155672073364,2.4395551681518555,2794.634480738712,2794.6344807387113
412,3,70,58,7,True,50,False,False,False,,,,,,,,
413,3,70,58,7,True,50,False,False,True,0.06430117581673095,3601.618285894394,35374.0,3190.1191626677846,600.0282549858093,5.0054521560668945,3139.7357099553246,3190.460143016829
414,3,70,117,7,True,50,False,True,False,0.16722797650017404,3600.3211200237274,602.0,5236.734708915482,,,,
415,3,70,117,7,True,50,False,True,True,0.16722797650017404,3600.3949451446533,602.0,5236.734708915482,600.2614171504974,347.67142820358276,4712.863386221664,1552944509.8717616
416,3,70,11,17,True,0,False,False,False,,,,,,,,
417,3,70,11,17,True,0,False,False,True,0.04206265058233581,3600.711040019989,125840.0,468.79953527858027,56.62723207473755,1.7087008953094482,471.9380193433826,471.9380193433826
418,3,70,23,17,True,0,False,False,False,,,,,,,,
419,3,70,23,17,True,0,False,False,True,0.06000294672255229,3600.84828209877,145174.0,476.76453834233826,108.5943751335144,2.5007009506225586,478.39111206499183,478.39111831278933
420,3,70,58,17,True,0,False,False,False,,,,,,,,
421,3,70,58,17,True,0,False,False,True,,,,,600.0517499446869,,506.4309904837563,
422,3,70,117,17,True,0,False,True,False,0.18963566810328392,3600.305193901062,10549.0,794.4035595619449,,,,
423,3,70,117,17,True,0,False,True,True,0.05883665805148105,3600.338217973709,16100.0,688.144380157367,529.0177237987518,6.353021860122681,709.6879812765875,820.3194903196098
424,3,70,11,17,True,50,False,False,False,,,,,,,,
425,3,70,11,17,True,50,False,False,True,,,,,35.783966064453125,,2226.4305226873103,
426,3,70,23,17,True,50,False,False,False,,,,,,,,
427,3,70,23,17,True,50,False,False,True,0.009231683168126684,3600.8307161331177,240794.0,2257.6659474332055,38.94994115829468,2.9079949855804443,2257.6659474332055,2257.6659474332055
428,3,70,58,17,True,50,False,False,False,,,,,,,,
429,3,70,58,17,True,50,False,False,True,,,,,53.015663862228394,,2427.1402560139036,
430,3,70,117,17,True,50,False,True,False,0.00688874110584454,3600.255532026291,16530.0,4199.032187063662,,,,
431,3,70,117,17,True,50,False,True,True,0.005662211319471014,3600.300903081894,14566.0,4196.230770469958,191.13246297836304,6.670391082763672,4216.747497228695,4800.053962334095
432,3,70,11,1,False,0,False,False,False,,,,,,,,
433,3,70,11,1,False,0,False,False,True,,,,,32.89390707015991,,2591.403845330331,
434,3,70,23,1,False,0,False,False,False,,,,,,,,
435,3,70,23,1,False,0,False,False,True,,,,,113.09005904197693,,2632.74361734135,
436,3,70,58,1,False,0,False,False,False,,,,,,,,
437,3,70,58,1,False,0,False,False,True,,,,,340.90123105049133,,2744.906587425451,
438,3,70,117,1,False,0,False,True,False,0.414203741441358,3608.403435945511,1.0,3145.5180184422043,,,,
439,3,70,117,1,False,0,False,True,True,0.414203741441358,3607.1207761764526,1.0,3145.5180184422043,600.0,3118.0156490802765,,3145.5180657912924
440,3,70,11,1,False,50,False,False,False,0.05655536854587615,3600.4941968917847,2003.0,4989.820481308172,,,,
441,3,70,11,1,False,50,False,False,True,6.389593754939193e-06,1257.6452238559723,75949.0,4707.880435185507,32.21030306816101,15.44142484664917,4722.963112681155,4722.963112681154
442,3,70,23,1,False,50,False,False,False,,,,,,,,
443,3,70,23,1,False,50,False,False,True,,,,,111.71265387535095,,5437.1739783852445,
444,3,70,58,1,False,50,False,False,False,,,,,,,,
445,3,70,58,1,False,50,False,False,True,,,,,338.5854969024658,,6084.495918784538,
446,3,70,117,1,False,50,False,True,False,,,,,,,,
447,3,70,117,1,False,50,False,True,True,,,,,600.0,,,
448,3,70,11,7,False,0,False,False,False,,,,,,,,
449,3,70,11,7,False,0,False,False,True,,,,,32.82841897010803,,942.4053884430853,
450,3,70,23,7,False,0,False,False,False,,,,,,,,
451,3,70,23,7,False,0,False,False,True,,,,,111.21691584587097,,949.3110325785689,
452,3,70,58,7,False,0,False,False,False,,,,,,,,
453,3,70,58,7,False,0,False,False,True,,,,,341.99724292755127,,1006.6560548282905,
454,3,70,117,7,False,0,False,True,False,0.5009765237792392,3605.5100049972534,1.0,1144.4875895686578,,,,
455,3,70,117,7,False,0,False,True,True,0.5009765237792392,3605.092438220978,1.0,1144.4875895686578,600.0,2540.289067029953,,1151.3918768122599
456,3,70,11,7,False,50,False,False,False,,,,,,,,
457,3,70,11,7,False,50,False,False,True,0.005572207265243267,3602.2099318504333,209942.0,2762.273167623114,31.031078100204468,15.916335821151733,2765.804736410026,2765.8047364100257
458,3,70,23,7,False,50,False,False,False,,,,,,,,
459,3,70,23,7,False,50,False,False,True,0.006845856825382394,3607.6658430099487,88930.0,2793.5457547137607,108.55133700370789,52.24217700958252,2794.634480738712,2794.6344807387113
460,3,70,58,7,False,50,False,False,False,,,,,,,,
461,3,70,58,7,False,50,False,False,True,0.1358428732662444,3615.564388990402,1.0,3139.1832758489495,339.6369299888611,173.06388592720032,3139.7357099553246,3139.7357099553246
462,3,70,117,7,False,50,False,True,False,,,,,,,,
463,3,70,117,7,False,50,False,True,True,,,,,600.0,,,
464,3,70,11,17,False,0,False,False,False,,,,,,,,
465,3,70,11,17,False,0,False,False,True,0.005812675488854971,3602.16473197937,81582.0,456.8244267956983,32.76518416404724,16.302706003189087,471.9380193433827,471.9380193433827
466,3,70,23,17,False,0,False,False,False,,,,,,,,
467,3,70,23,17,False,0,False,False,True,0.04935540411654016,3601.3000180721283,1.0,478.3911183127894,108.59300708770752,54.02711510658264,478.3911183127894,478.3911183127894
468,3,70,58,17,False,0,False,False,False,,,,,,,,
469,3,70,58,17,False,0,False,False,True,,,,,353.30931997299194,,506.43099048375626,
470,3,70,117,17,False,0,False,True,False,0.4421706603544537,3618.13876581192,1.0,686.1492607857763,,,,
471,3,70,117,17,False,0,False,True,True,0.44217079355753325,3610.069858789444,1.0,686.1494246301816,600.0,2396.0821018218994,,707.0739010829425
472,3,70,11,17,False,50,False,False,False,,,,,,,,
473,3,70,11,17,False,50,False,False,True,,,,,32.11294507980347,,2226.4305226873103,
474,3,70,23,17,False,50,False,False,False,,,,,,,,
475,3,70,23,17,False,50,False,False,True,8.718395675415493e-05,2916.808541059494,132826.0,2242.409921266496,113.60900592803955,54.28484392166138,2257.6659474332055,2257.6659474332055
476,3,70,58,17,False,50,False,False,False,,,,,,,,
477,3,70,58,17,False,50,False,False,True,,,,,347.787024974823,,2427.1402560139036,
478,3,70,117,17,False,50,False,True,False,0.07307989154219408,3632.002660036087,1.0,4190.988943539221,,,,
479,3,70,117,17,False,50,False,True,True,0.07307989154219408,3644.51473402977,1.0,4190.988943539221,600.0,2247.790041923523,,4211.741529671218
